tissue,barcode
293T-MS,CGTACGGAATGA_2
293T-MS,AGCGGCAGCCAA_1
293T-MS,AGAAGAATAGAG_2
293T-MS,CCGTCCATAGAG_2
293T-MS,ATGTCAATAGAG_2
293T-MS,CGGAGATCGCAC_1
293T-MS,GCGGTTGAATGA_1
293T-MS,TACAGCGATTAG_1
293T-MS,TTCTGAATAGAG_2
293T-MS,GTATCTATAGAG_2
293T-MS,CTATACATAGAG_1
293T-MS,TATAATATGTGG_2
293T-MS,CAGGCGCGTTAG_1
293T-MS,CCAACATCGCAC_2
293T-MS,TAACGTGATTAG_1
293T-MS,GTCATCGAATGA_1
293T-MS,CAAAAGTCGCAC_1
293T-MS,CTCAGATGCGTA_1
293T-MS,GAGTAACTCCTT_1
293T-MS,TCGCGGATGTGG_2
293T-MS,ACTGCATCGCAC_1
293T-MS,CGATAGATGTGG_2
293T-MS,CTATACTTGTCG_1
293T-MS,CATGGCTTGTCG_1
293T-MS,ACCAGATGCGTA_1
293T-MS,GCTCAATCTTGG_1
293T-MS,AGTCAATTGTCG_1
293T-MS,GACTATGTTCTC_2
293T-MS,GTATCTGAATGA_1
293T-MS,GTCATCAGGATG_1
293T-MS,TCGAAGTTGTCG_2
293T-MS,GTGGCCATGTGG_1
293T-MS,TCGCGGTCTTGG_2
293T-MS,GACTATTACTCG_1
293T-MS,CCTAGCTTGTCG_1
293T-MS,ACTAAGTAAGGT_2
293T-MS,TACAGCTCTTGG_2
293T-MS,GGAGTTACCGAG_2
293T-MS,CGCAACCCTGTT_1
293T-MS,CATTTTATGTGG_1
293T-MS,GAGTAATCGCAC_2
293T-MS,GTGGCCTACTCG_1
293T-MS,TATAATATAGAG_1
293T-MS,CTCAGAATAGAG_2
293T-MS,TCGAAGCCTGTT_1
293T-MS,GTCATCTTGTCG_1
293T-MS,CCAACATGCGTA_1
293T-MS,GTAGAGTCGCAC_1
293T-MS,CGGAGACGTTAG_2
293T-MS,TAATCGCTCCTT_2
293T-MS,TATAATATGTGG_1
293T-MS,CGGAATGTTCTC_1
293T-MS,CAACTACCTGTT_1
293T-MS,GAAGCTTAAGGT_2
293T-MS,GGATATCTCCTT_2
293T-MS,TATAATTACTCG_1
293T-MS,CCGTCCTTGTCG_2
293T-MS,CATGGCATGTGG_1
293T-MS,TTCTGAATGTGG_1
293T-MS,TGGTCCCTCCTT_2
293T-MS,AGTTCCCGTTAG_1
293T-MS,CGAATAAGCCAA_1
293T-MS,TAGTCAAGGATG_1
293T-MS,GCTCAACTCCTT_1
293T-MS,ACTGCAATAGAG_1
293T-MS,CGAATAACCGAG_1
293T-MS,GAGTAACCTGTT_1
293T-MS,ATGTCACCTGTT_2
293T-MS,AACGGTATGTGG_1
293T-MS,GTGAAATACTCG_2
293T-MS,CATTTTTCTTGG_1
293T-MS,CGCAACCTCCTT_1
293T-MS,ATGAGCGTCTAT_1
293T-MS,ACTAAGGTTCTC_1
293T-MS,TGGCCTTACTCG_1
293T-MS,CACTCAATAGAG_2
293T-MS,TCATTCTTGTCG_1
293T-MS,CGATAGATGTGG_1
293T-MS,GTATCTGTTCTC_2
293T-MS,ATGTCACTCCTT_2
293T-MS,CGTACGGTCTAT_1
293T-MS,GAGTAATCTTGG_1
293T-MS,CAAAAGAGCCAA_1
293T-MS,GAGCCTCGTTAG_1
293T-MS,TAACGTTCGCAC_2
293T-MS,CACCGGGTTCTC_1
293T-MS,CATTTTGAATGA_2
293T-MS,ACTGCATTGTCG_1
293T-MS,CCTTCAATGTGG_1
293T-MS,CTAGCTGTCTAT_2
293T-MS,CCTTCATTGTCG_1
293T-MS,CCAACAATGTGG_1
293T-MS,CAAAAGGTCTAT_1
293T-MS,GTTAAGCCTGTT_1
293T-MS,GCAGTCTAAGGT_2
293T-MS,ATGTCAGTTCTC_1
293T-MS,GAGCCTTACTCG_1
293T-MS,CGGAGATGCGTA_1
293T-MS,AGCGGCTTGTCG_2
293T-MS,TCGCGGGTTCTC_1
293T-MS,CTATACGTTCTC_1
293T-MS,TATAATAGGATG_1
293T-MS,TAATCGGAATGA_1
293T-MS,CAAAAGCCTGTT_1
293T-MS,TTCTGAGATTAG_1
293T-MS,ACTGATAGCCAA_1
293T-MS,AGAAGATGCGTA_1
293T-MS,CGCAACGAATGA_1
293T-MS,CCGTCCTAAGGT_2
293T-MS,TAGTCAGTTCTC_2
293T-MS,CAGCATCTCCTT_1
293T-MS,GAGTGGTAAGGT_1
293T-MS,CGCAACCGTTAG_2
293T-MS,GAGTGGTAAGGT_2
293T-MS,GCTCAATCGCAC_1
293T-MS,CACTCATCTTGG_2
293T-MS,CACCGGCGTTAG_1
293T-MS,CTCAGATGCGTA_2
293T-MS,CGATAGCCTGTT_1
293T-MS,TAACGTCCTGTT_1
293T-MS,CAGGCGTAAGGT_1
293T-MS,GAGCCTAGGATG_2
293T-MS,TCGGCATAAGGT_1
293T-MS,GTCCGCGAATGA_1
293T-MS,TCGCGGCGTTAG_1
293T-MS,ATGAGCGTTCTC_1
293T-MS,ATGTCAAGGATG_1
293T-MS,TAGTCATGCGTA_1
293T-MS,CTCAGAACCGAG_1
293T-MS,CACTCATGCGTA_1
293T-MS,TAACGTTCTTGG_2
293T-MS,TCGGCATCGCAC_2
293T-MS,AGCGGCTAAGGT_1
293T-MS,CGTACGGATTAG_2
293T-MS,GTAAGACGTTAG_1
293T-MS,GTGGCCGTTCTC_1
293T-MS,GTATCTTGCGTA_1
293T-MS,GGATATTGCGTA_1
293T-MS,CGGAATGAATGA_1
293T-MS,CAGGCGGATTAG_1
293T-MS,ACTAAGCGTTAG_1
293T-MS,CCAACATCTTGG_1
293T-MS,TCGCGGGATTAG_1
293T-MS,CACTCATCGCAC_2
293T-MS,GCAGTCGTTCTC_1
293T-MS,GGATATGATTAG_2
293T-MS,TTACTTCGTTAG_2
293T-MS,CGATAGCGTTAG_2
293T-MS,ATTCCTTCGCAC_2
293T-MS,TAATCGGATTAG_2
293T-MS,CACGATAGGATG_1
293T-MS,ACTGCAAGGATG_1
293T-MS,CCGCCTATAGAG_1
293T-MS,CTCAGAGTTCTC_2
293T-MS,ACTGCATCGCAC_2
293T-MS,AGCGGCATGTGG_1
293T-MS,TAATCGTCGCAC_1
293T-MS,ACTGCATAAGGT_1
293T-MS,AGTTCCGATTAG_1
293T-MS,GTAAGATACTCG_1
293T-MS,CACGATGTTCTC_1
293T-MS,GTTAAGACCGAG_2
293T-MS,CTCAGAAGGATG_1
293T-MS,ACTAAGTAAGGT_1
293T-MS,TCGGCACTCCTT_2
293T-MS,AGTTCCTGCGTA_1
293T-MS,TCGCGGTAAGGT_1
293T-MS,GCGGTTGTTCTC_2
293T-MS,CAGCATTACTCG_1
293T-MS,CATGGCATGTGG_2
293T-MS,CACCGGGAATGA_1
293T-MS,CAGCATTCTTGG_1
293T-MS,GTAGAGTGCGTA_1
293T-MS,CGGAGAAGCCAA_2
293T-MS,GTTTCGTGCGTA_1
293T-MS,CAGGCGGATTAG_2
293T-MS,AACCTCTCGCAC_2
293T-MS,GAGCCTTCGCAC_1
293T-MS,AGTCAATAAGGT_2
293T-MS,GAGTAAACCGAG_1
293T-MS,CGATAGTGCGTA_1
293T-MS,CAAAAGCTCCTT_1
293T-MS,CGGAGATTGTCG_1
293T-MS,GTAAGAACCGAG_1
293T-MS,CCGCCTGATTAG_2
293T-MS,ATGAGCTTGTCG_1
293T-MS,CACGATCTCCTT_2
293T-MS,AGAAGATCGCAC_1
293T-MS,ACCAGACCTGTT_1
293T-MS,GACTATGAATGA_1
293T-MS,TACAGCCTCCTT_1
293T-MS,GTAAGAATAGAG_1
293T-MS,CCAACATCTTGG_2
293T-MS,CTATACAGCCAA_2
293T-MS,CAAAAGATAGAG_1
293T-MS,CCTAGCGATTAG_2
293T-MS,AGTCAAGATTAG_1
293T-MS,TTCTGATCGCAC_1
293T-MS,CATTTTATAGAG_1
293T-MS,AACGGTAGCCAA_1
293T-MS,GAGTGGATAGAG_2
293T-MS,ATTCCTAGCCAA_1
293T-MS,TGGCCTTCGCAC_1
293T-MS,GTTTCGGTCTAT_2
293T-MS,CGTACGCGTTAG_2
293T-MS,CATGGCTCTTGG_2
293T-MS,AGTCAAAGGATG_2
293T-MS,CGATAGATAGAG_1
293T-MS,TCGGCATACTCG_2
293T-MS,AGAAGAATAGAG_1
293T-MS,CAACTATTGTCG_1
293T-MS,TCATTCCGTTAG_2
293T-MS,TAATCGGTCTAT_2
293T-MS,GACGACATAGAG_1
293T-MS,AACGGTGTTCTC_1
293T-MS,CCAACACCTGTT_1
293T-MS,TAACGTATAGAG_1
293T-MS,CGGAGATGCGTA_2
293T-MS,ACCAGATAAGGT_2
293T-MS,GGAGTTGATTAG_1
293T-MS,ATGAGCTGCGTA_1
293T-MS,TCATTCCTCCTT_2
293T-MS,TAGTCACTCCTT_1
293T-MS,CACTCATAAGGT_2
293T-MS,TTCTGATCTTGG_1
293T-MS,GTAAGATGCGTA_1
293T-MS,TATAATGATTAG_1
293T-MS,CCTTCATCGCAC_1
293T-MS,AGTTCCGAATGA_1
293T-MS,CATGGCTAAGGT_1
293T-MS,CGATAGCTCCTT_1
293T-MS,CGAATAGTTCTC_1
293T-MS,TTACTTGTTCTC_1
293T-MS,CGATAGAGCCAA_2
293T-MS,CTATACAGCCAA_1
293T-MS,ACTGCATGCGTA_2
293T-MS,GAGCCTGTCTAT_2
293T-MS,GTCCGCTCGCAC_1
293T-MS,ATGAGCATAGAG_2
293T-MS,GCTCAAAGGATG_1
293T-MS,ATGAGCAGGATG_2
293T-MS,TCGGCAATAGAG_2
293T-MS,AGTCAAGTTCTC_1
293T-MS,CTAGCTTAAGGT_2
293T-MS,TAGTCAAGCCAA_2
293T-MS,AACGGTTCGCAC_1
293T-MS,TTCTGACGTTAG_2
293T-MS,AACCTCTACTCG_1
293T-MS,CACTCAAGGATG_2
293T-MS,CCTAGCCGTTAG_1
293T-MS,GAGTAAAGGATG_1
293T-MS,ACTGCAACCGAG_1
293T-MS,CGGAATCTCCTT_1
293T-MS,TCGCGGCCTGTT_1
293T-MS,GCGGTTTTGTCG_2
293T-MS,GACGACTGCGTA_1
293T-MS,CTATACGTCTAT_1
293T-MS,GTATCTATGTGG_1
293T-MS,GTTAAGATGTGG_1
293T-MS,GTGGCCCCTGTT_1
293T-MS,GTCATCTCGCAC_1
293T-MS,GACGACGATTAG_2
293T-MS,ATGTCAGAATGA_2
293T-MS,CACGATAGCCAA_1
293T-MS,GAAGCTACCGAG_1
293T-MS,CACCGGTACTCG_1
293T-MS,CACGATCTCCTT_1
293T-MS,CATGGCACCGAG_2
293T-MS,GAAGCTTCTTGG_1
293T-MS,CGATAGGTTCTC_2
293T-MS,AACGGTCCTGTT_1
293T-MS,GTGAAATACTCG_1
293T-MS,AACGGTCTCCTT_2
293T-MS,CCGCCTTCGCAC_2
293T-MS,GCTCAAGAATGA_1
293T-MS,GGAGTTAGGATG_1
293T-MS,GAGCCTTCTTGG_2
293T-MS,CCGCCTTAAGGT_1
293T-MS,TCGCGGATAGAG_2
293T-MS,CCTAGCGTCTAT_1
293T-MS,GCGGTTTAAGGT_1
293T-MS,CGGAGATAAGGT_2
293T-MS,TAGTCAGTTCTC_1
293T-MS,CGGAGAAGCCAA_1
293T-MS,ATGAGCAGCCAA_2
293T-MS,TTCTGAAGCCAA_1
293T-MS,CAAAAGGAATGA_2
293T-MS,GTTTCGCCTGTT_1
293T-MS,CGATAGGTTCTC_1
293T-MS,AGTTCCTTGTCG_1
293T-MS,TGGCCTAGCCAA_1
293T-MS,ACTGCACGTTAG_1
293T-MS,CCGTCCTACTCG_1
293T-MS,GCAGTCATGTGG_1
293T-MS,GCAGTCTAAGGT_1
293T-MS,CGCAACATAGAG_1
293T-MS,GGAGTTGAATGA_1
293T-MS,AACCTCTAAGGT_2
293T-MS,CTCAGAATGTGG_1
293T-MS,GTTTCGTACTCG_2
293T-MS,GGATATAGCCAA_1
293T-MS,CGGAATTAAGGT_1
293T-MS,TAGTCAATGTGG_2
293T-MS,TTCTGATTGTCG_1
293T-MS,TCGGCATGCGTA_1
293T-MS,CCGCCTCTCCTT_2
293T-MS,CGTACGATGTGG_2
293T-MS,GAAGCTTCGCAC_1
293T-MS,GTCCGCCGTTAG_1
293T-MS,CTAGCTTCGCAC_1
293T-MS,AACCTCTCGCAC_1
293T-MS,AACGGTGATTAG_2
293T-MS,CAACTAGTCTAT_1
293T-MS,GGTAGCATAGAG_1
293T-MS,CACGATTTGTCG_2
293T-MS,GGTAGCCGTTAG_1
293T-MS,GACTATTTGTCG_1
293T-MS,GCAGTCGTCTAT_1
293T-MS,GGAGTTTGCGTA_1
293T-MS,GTCCGCTACTCG_1
293T-MS,CCGCCTATGTGG_2
293T-MS,GTCATCACCGAG_2
293T-MS,CGCAACTGCGTA_2
293T-MS,AGTCAAAGCCAA_1
293T-MS,CATTTTACCGAG_2
293T-MS,ATTCCTAGGATG_1
293T-MS,CACTCACTCCTT_2
293T-MS,ATGAGCTACTCG_2
293T-MS,GTCATCATAGAG_1
293T-MS,GAGTGGCTCCTT_1
293T-MS,GTAAGAGAATGA_1
293T-MS,TAGTCAAGCCAA_1
293T-MS,CAGGCGTTGTCG_1
293T-MS,CAAAAGACCGAG_2
293T-MS,TTACTTCTCCTT_1
293T-MS,ATTCCTATAGAG_2
293T-MS,CACCGGACCGAG_2
293T-MS,GTAAGATTGTCG_1
293T-MS,GTTAAGTCTTGG_1
293T-MS,AACCAAAGGATG_1
293T-MS,GTGAAAACCGAG_2
293T-MS,ACTAAGGAATGA_1
293T-MS,TACAGCTGCGTA_1
293T-MS,GAGTGGTACTCG_1
293T-MS,ATGTCAAGCCAA_1
293T-MS,CTCAGACGTTAG_2
293T-MS,AACCAAGAATGA_1
293T-MS,TGGCCTGATTAG_1
293T-MS,CCAACATAAGGT_1
293T-MS,GGTAGCGTTCTC_1
293T-MS,CATGGCTACTCG_1
293T-MS,TCGAAGTACTCG_2
293T-MS,GTGGCCGTCTAT_1
293T-MS,CAACTAGATTAG_2
293T-MS,CAGCATTCTTGG_2
293T-MS,CAAAAGTACTCG_1
293T-MS,CAGGCGGTTCTC_2
293T-MS,TCCCGACGTTAG_1
293T-MS,GCAGTCGAATGA_1
293T-MS,GTAAGAATGTGG_1
293T-MS,TAATCGTCGCAC_2
293T-MS,ACCAGATAAGGT_1
293T-MS,ATGTCATCGCAC_2
293T-MS,GACTATTCTTGG_2
293T-MS,TGGTCCTGCGTA_2
293T-MS,AACCAACCTGTT_2
293T-MS,CCAACAACCGAG_1
293T-MS,AGAAGATCTTGG_1
293T-MS,GTCCGCGATTAG_2
293T-MS,AACGGTTACTCG_1
293T-MS,TGGTCCTCTTGG_1
293T-MS,TCGAAGTAAGGT_1
293T-MS,AACGGTCTCCTT_1
293T-MS,TCGGCAGTCTAT_1
293T-MS,CCTTCAGATTAG_1
293T-MS,CGCAACACCGAG_1
293T-MS,CTCAGAAGCCAA_2
293T-MS,CCGCCTAGGATG_1
293T-MS,TTACTTTGCGTA_1
293T-MS,ATGTCAATAGAG_1
293T-MS,ACCAGAATAGAG_2
293T-MS,CCAACATCGCAC_1
293T-MS,CAGCATGATTAG_1
293T-MS,AACGGTCGTTAG_2
293T-MS,GTCATCGATTAG_2
293T-MS,GTATCTGATTAG_1
293T-MS,GAAGCTCTCCTT_1
293T-MS,CGGAATTACTCG_1
293T-MS,TAATCGTCTTGG_2
293T-MS,CAACTATACTCG_1
293T-MS,CGTACGACCGAG_2
293T-MS,CCGTCCCCTGTT_1
293T-MS,AACCAAATAGAG_2
293T-MS,AGCGGCCCTGTT_1
293T-MS,GTCATCATAGAG_2
293T-MS,GTAGAGATGTGG_2
293T-MS,GTCATCCCTGTT_1
293T-MS,GGAGTTTACTCG_2
293T-MS,TTCTGACCTGTT_1
293T-MS,TCCCGATACTCG_1
293T-MS,AACGGTTACTCG_2
293T-MS,TGGTCCTACTCG_1
293T-MS,CGCAACTCTTGG_1
293T-MS,GTGAAACTCCTT_1
293T-MS,CGATAGTAAGGT_1
293T-MS,AACCTCATGTGG_1
293T-MS,GTTAAGGATTAG_1
293T-MS,GTCCGCGTCTAT_2
293T-MS,TAATCGTGCGTA_1
293T-MS,AGTTCCAGGATG_1
293T-MS,AGAAGAGAATGA_1
293T-MS,CATGGCAGCCAA_2
293T-MS,TAGTCAAGGATG_2
293T-MS,GGAGTTTAAGGT_2
293T-MS,CCTAGCTCTTGG_1
293T-MS,AACCTCGATTAG_1
293T-MS,GCGGTTTCGCAC_1
293T-MS,GAGCCTGTTCTC_1
293T-MS,CTATACGTCTAT_2
293T-MS,GGTAGCACCGAG_1
293T-MS,CACTCACCTGTT_2
293T-MS,CACGATATAGAG_1
293T-MS,CCTAGCAGCCAA_1
293T-MS,GTAAGAATGTGG_2
293T-MS,AGCGGCGTTCTC_1
293T-MS,CGTACGATGTGG_1
293T-MS,CTAGCTCGTTAG_1
293T-MS,AACCTCGTTCTC_1
293T-MS,CGATAGAGGATG_1
293T-MS,CGCAACGATTAG_2
293T-MS,CCGCCTGTTCTC_1
A549-MS,CACGATTGTGTC_2
A549-MS,TACAGCGTGAAG_2
A549-MS,AGTCAAGCGATC_1
A549-MS,CCTTCAGTGGTT_1
A549-MS,AACCAAACTAGT_1
A549-MS,TAATCGTCCATT_2
A549-MS,TAACGTCACTGT_2
A549-MS,GCAGTCCACTGT_2
A549-MS,CAACTACCTCAA_2
A549-MS,CAGGCGCCTCAA_2
A549-MS,CACGATGTGAAG_1
A549-MS,ATGTCACATCCT_2
A549-MS,TAATCGAGAACA_2
A549-MS,CACTCAAGACGG_1
A549-MS,GAAGCTACAGGA_2
A549-MS,GGATATTGTGTC_1
A549-MS,TAGTCATCCATT_2
A549-MS,GCGGTTAGTGAC_1
A549-MS,GACTATACAGGA_1
A549-MS,GCTCAAAGTGAC_2
A549-MS,ATTCCTACAGGA_1
A549-MS,CCAACAGCGATC_1
A549-MS,TATAATCTCTTC_1
A549-MS,GACTATAGAACA_1
A549-MS,GCAGTCAGAACA_2
A549-MS,GGATATCTACGA_1
A549-MS,CACGATCCTCAA_1
A549-MS,CTATACGTGGTT_2
A549-MS,AGTCAAGCGATC_2
A549-MS,TAGTCACCTCAA_1
A549-MS,GTTTCGTCCTGC_1
A549-MS,TCGGCATGACTC_2
A549-MS,CACTCAGTGAAG_1
A549-MS,CAAAAGTGTGTC_1
A549-MS,CAAAAGTCCATT_2
A549-MS,CCGCCTCACTGT_1
A549-MS,GTTAAGTGACTC_1
A549-MS,CAGCATTCCATT_1
A549-MS,GGATATCATCCT_2
A549-MS,AACCTCAGAACA_2
A549-MS,GCTCAATGTGTC_1
A549-MS,CACTCAGCGATC_1
A549-MS,CTATACACAGGA_2
A549-MS,CTAGCTAGAACA_1
A549-MS,TAATCGACAGGA_2
A549-MS,GCTCAAGTGAAG_2
A549-MS,GTTTCGGCTGAT_1
A549-MS,TAATCGCCTCAA_1
A549-MS,CAGGCGAGACGG_1
A549-MS,TCCCGAGTGAAG_1
A549-MS,GTGGCCCTCTTC_1
A549-MS,CCGCCTACAGGA_2
A549-MS,CAAAAGGTGAAG_2
A549-MS,GCAGTCAGAACA_1
A549-MS,AACGGTCTACGA_2
A549-MS,CGATAGGTGAAG_1
A549-MS,TCCCGATCCATT_1
A549-MS,GCTCAAACAGGA_1
A549-MS,AGTCAAGTGGTT_1
A549-MS,GGTAGCCTCTTC_1
A549-MS,CATGGCACAGGA_1
A549-MS,GAGTAAGCGATC_1
A549-MS,GAGCCTTCCTGC_2
A549-MS,GTGAAATGACTC_1
A549-MS,ACTGCAGTGGTT_1
A549-MS,AACCTCTCCTGC_2
A549-MS,TTCTGAACTAGT_1
A549-MS,CAGGCGCATCCT_2
A549-MS,AGAAGAGTGGTT_2
A549-MS,TCGGCATCCTGC_1
A549-MS,AACCAAGCGATC_1
A549-MS,CGGAGATCCATT_2
A549-MS,TCATTCCTCTTC_1
A549-MS,CCGTCCTGTGTC_2
A549-MS,CATGGCCACTGT_2
A549-MS,TTCTGAAGACGG_2
A549-MS,GTCATCGTGGTT_2
A549-MS,CAGCATTCCTGC_1
A549-MS,AACCAACTCTTC_2
A549-MS,GAGCCTACTAGT_1
A549-MS,CAGCATGTGGTT_1
A549-MS,GAGCCTCTACGA_1
A549-MS,TAACGTAGAACA_1
A549-MS,AACGGTGCGATC_2
A549-MS,TCATTCGCGATC_1
A549-MS,ATGTCACACTGT_1
A549-MS,TATAATTGACTC_2
A549-MS,ACTGATTCCATT_1
A549-MS,TCGGCAGTGGTT_2
A549-MS,AGCGGCAGACGG_1
A549-MS,GTCATCAGACGG_2
A549-MS,GTTTCGAGTGAC_2
A549-MS,CTAGCTGCTGAT_1
A549-MS,TTACTTCATCCT_1
A549-MS,TCGAAGCTACGA_2
A549-MS,ATGTCAGCTGAT_2
A549-MS,CAGGCGTGTGTC_1
A549-MS,TAATCGAGTGAC_1
A549-MS,CGCAACAGACGG_1
A549-MS,CACTCAAGTGAC_1
A549-MS,AGTTCCGTGGTT_1
A549-MS,GAGTGGAGACGG_1
A549-MS,TCATTCCATCCT_2
A549-MS,ACCAGAGTGGTT_1
A549-MS,GGATATAGACGG_1
A549-MS,GACTATCTACGA_1
A549-MS,CCTTCACTCTTC_2
A549-MS,ACTAAGTGTGTC_2
A549-MS,CGTACGACTAGT_2
A549-MS,AGTTCCGCGATC_2
A549-MS,AGTCAACATCCT_2
A549-MS,AGTTCCGCGATC_1
A549-MS,TATAATCATCCT_2
A549-MS,CGGAATCCTCAA_2
A549-MS,CGGAGACTCTTC_1
A549-MS,ATTCCTAGAACA_1
A549-MS,ACTAAGGCTGAT_1
A549-MS,GTCCGCTGTGTC_2
A549-MS,CGGAATACAGGA_1
A549-MS,GTCCGCCTCTTC_2
A549-MS,AACCAAGTGGTT_2
A549-MS,ATTCCTGTGAAG_1
A549-MS,AGCGGCCACTGT_2
A549-MS,CGATAGCATCCT_1
A549-MS,CTCAGAGCTGAT_1
A549-MS,GGAGTTTCCATT_1
A549-MS,CACTCAACTAGT_1
A549-MS,CGCAACGTGAAG_2
A549-MS,CAAAAGCTACGA_2
A549-MS,TTCTGACTACGA_1
A549-MS,GACGACACTAGT_2
A549-MS,CCGCCTCTCTTC_1
A549-MS,ATGAGCTCCATT_2
A549-MS,TTACTTGCTGAT_2
A549-MS,ACCAGACACTGT_2
A549-MS,AGTCAATCCATT_1
A549-MS,TCGAAGGCGATC_1
A549-MS,TACAGCTGTGTC_1
A549-MS,CACGATCACTGT_2
A549-MS,CGAATATGACTC_2
A549-MS,GGTAGCTCCTGC_1
A549-MS,TACAGCACAGGA_2
A549-MS,ACTGCACTCTTC_2
A549-MS,CTCAGATGTGTC_2
A549-MS,GCGGTTCTCTTC_1
A549-MS,ACCAGAAGAACA_1
A549-MS,GACTATAGTGAC_2
A549-MS,TCGCGGTCCATT_1
A549-MS,ACTAAGACTAGT_1
A549-MS,GGATATGTGAAG_2
A549-MS,GTAAGAGTGGTT_1
A549-MS,TCCCGATGTGTC_1
A549-MS,GTAAGAAGTGAC_1
A549-MS,GAAGCTCACTGT_1
A549-MS,CCGCCTAGAACA_1
A549-MS,GAGTAAGCTGAT_1
A549-MS,TACAGCGCGATC_1
A549-MS,TTCTGAACAGGA_2
A549-MS,CATTTTCATCCT_1
A549-MS,ACCAGACTCTTC_1
A549-MS,AACCTCACTAGT_2
A549-MS,CCGTCCCTACGA_1
A549-MS,CATTTTCACTGT_1
A549-MS,GACTATAGAACA_2
A549-MS,GTCATCAGAACA_2
A549-MS,CCGTCCGTGGTT_1
A549-MS,AACCAACTACGA_1
A549-MS,GGTAGCACTAGT_2
A549-MS,TGGTCCTGTGTC_2
A549-MS,GTAAGACACTGT_1
A549-MS,GTAGAGCACTGT_1
A549-MS,CGTACGGCGATC_1
A549-MS,TGGTCCAGTGAC_1
A549-MS,GTGAAACTCTTC_1
A549-MS,CGATAGCCTCAA_2
A549-MS,AACCTCGTGAAG_2
A549-MS,ACCAGAGCGATC_1
A549-MS,GGAGTTAGTGAC_1
A549-MS,GTTTCGGTGAAG_2
A549-MS,CCTTCACCTCAA_2
A549-MS,GTGAAAGCGATC_1
A549-MS,TACAGCCACTGT_1
A549-MS,CTAGCTCTCTTC_1
A549-MS,CCTTCAAGACGG_2
A549-MS,TGGTCCAGTGAC_2
A549-MS,CGAATAAGTGAC_2
A549-MS,CTATACCTCTTC_1
A549-MS,GAGTGGAGAACA_1
A549-MS,TGGCCTTCCTGC_1
A549-MS,GCAGTCTGTGTC_2
A549-MS,GTATCTCATCCT_1
A549-MS,CGGAGAAGTGAC_1
A549-MS,GCGGTTAGAACA_1
A549-MS,CCGCCTAGTGAC_1
A549-MS,GTATCTTCCATT_1
A549-MS,CGGAATAGAACA_1
A549-MS,ATTCCTACTAGT_2
A549-MS,TCGCGGTGTGTC_1
A549-MS,GGAGTTTCCTGC_2
A549-MS,ACCAGATGACTC_2
A549-MS,CGGAGACTACGA_1
A549-MS,TAACGTTCCTGC_2
A549-MS,TAATCGCACTGT_1
A549-MS,GCAGTCACTAGT_2
A549-MS,GCTCAATGACTC_2
A549-MS,CACTCAACAGGA_1
A549-MS,CTCAGAGTGAAG_2
A549-MS,CGAATATGTGTC_1
A549-MS,GACGACCACTGT_1
A549-MS,TGGCCTTGTGTC_1
A549-MS,GACTATGTGAAG_1
A549-MS,CGAATACTACGA_1
A549-MS,GACTATTCCATT_1
A549-MS,TATAATCACTGT_1
A549-MS,TAATCGCTACGA_2
A549-MS,GGTAGCAGAACA_1
A549-MS,CTATACCACTGT_2
A549-MS,TCGCGGGTGAAG_2
A549-MS,CTAGCTGTGGTT_1
A549-MS,CCTAGCCCTCAA_2
A549-MS,GAGTAAACAGGA_1
A549-MS,CGTACGTCCATT_2
A549-MS,CGGAGAACTAGT_2
A549-MS,GTTTCGACTAGT_1
A549-MS,AACCAACCTCAA_2
A549-MS,CGAATACTACGA_2
A549-MS,CACCGGAGACGG_2
A549-MS,CGTACGTGACTC_1
A549-MS,TTCTGAGCGATC_2
A549-MS,GACGACTCCTGC_2
A549-MS,TAGTCATGTGTC_2
A549-MS,TCATTCTCCATT_2
A549-MS,CACCGGGCGATC_1
A549-MS,TCCCGAACAGGA_2
A549-MS,TAGTCAAGTGAC_1
A549-MS,GTGAAATCCATT_1
A549-MS,CAACTACATCCT_1
A549-MS,CAACTAGTGAAG_1
A549-MS,CAGCATCCTCAA_2
A549-MS,TTACTTAGTGAC_1
A549-MS,TCGGCAGTGGTT_1
A549-MS,GTAGAGAGTGAC_2
A549-MS,TCGGCAAGTGAC_2
A549-MS,ACTGCAGCTGAT_2
A549-MS,GTAAGACATCCT_1
A549-MS,GCTCAATGTGTC_2
A549-MS,GTAAGAAGACGG_1
A549-MS,CCTTCATCCATT_1
A549-MS,TTCTGAGCTGAT_1
A549-MS,CGGAGAAGTGAC_2
A549-MS,CCGTCCCACTGT_2
A549-MS,GGATATAGAACA_2
A549-MS,GTAGAGAGTGAC_1
A549-MS,GACGACGTGAAG_2
A549-MS,CATGGCGTGAAG_1
A549-MS,GCAGTCCTACGA_1
A549-MS,CACGATAGACGG_2
A549-MS,TACAGCCCTCAA_2
A549-MS,AACGGTTCCATT_1
A549-MS,AGCGGCAGACGG_2
A549-MS,TTACTTAGAACA_2
A549-MS,CAGGCGTCCATT_1
A549-MS,TCATTCAGACGG_2
A549-MS,GTTAAGCACTGT_1
A549-MS,AACGGTCTCTTC_1
A549-MS,CAAAAGGCTGAT_2
A549-MS,ATTCCTACTAGT_1
A549-MS,GCTCAATCCTGC_2
A549-MS,ATTCCTGTGGTT_1
A549-MS,CCGTCCTCCATT_1
A549-MS,CTATACAGAACA_1
A549-MS,GTTAAGAGTGAC_2
A549-MS,AGTCAAAGACGG_2
A549-MS,CAAAAGGTGGTT_1
A549-MS,ACTGCATGTGTC_2
A549-MS,CACTCACTCTTC_1
A549-MS,GACTATGCTGAT_1
A549-MS,CTCAGAAGACGG_1
A549-MS,CATGGCCATCCT_1
A549-MS,TCGGCAAGAACA_2
A549-MS,ATGAGCACTAGT_1
A549-MS,TAGTCACTACGA_1
A549-MS,CAGCATTGACTC_1
A549-MS,CACCGGCTCTTC_1
A549-MS,GACGACAGAACA_1
A549-MS,CACGATGCTGAT_2
A549-MS,CGCAACGTGGTT_2
A549-MS,CGAATATGTGTC_2
A549-MS,TATAATGTGGTT_2
A549-MS,GCTCAAAGAACA_2
A549-MS,AGAAGACCTCAA_2
A549-MS,CGGAGAACTAGT_1
A549-MS,ACTGCAACAGGA_2
A549-MS,TCGGCAACTAGT_2
A549-MS,AACCAAAGACGG_2
A549-MS,GTAGAGAGAACA_1
A549-MS,ATGAGCCACTGT_1
A549-MS,GACGACAGTGAC_1
A549-MS,GCAGTCTGACTC_1
A549-MS,GCTCAAACTAGT_1
A549-MS,GTCCGCGTGGTT_2
A549-MS,CATTTTCCTCAA_2
A549-MS,TAATCGCTCTTC_2
A549-MS,CGTACGCCTCAA_2
A549-MS,CTAGCTCCTCAA_2
A549-MS,AACGGTGTGGTT_1
A549-MS,TAATCGGCTGAT_2
A549-MS,CATTTTTGACTC_2
A549-MS,GGTAGCGTGAAG_2
A549-MS,GAGTAAAGACGG_1
A549-MS,GTGAAAGCTGAT_1
A549-MS,GAAGCTGCGATC_2
A549-MS,ACTGCAAGACGG_2
A549-MS,GCAGTCGTGGTT_1
A549-MS,GTCATCTGTGTC_1
A549-MS,TCCCGAAGACGG_2
A549-MS,CGGAGAGCGATC_2
A549-MS,ACTGATCACTGT_2
A549-MS,GCGGTTTGTGTC_2
A549-MS,CGATAGCTCTTC_1
A549-MS,CGAATATCCATT_1
A549-MS,GAGTAATGTGTC_1
A549-MS,ACTGATAGAACA_1
A549-MS,CAGGCGGTGAAG_1
A549-MS,CCGCCTGTGAAG_2
A549-MS,ATGAGCTGTGTC_1
A549-MS,TTCTGACTCTTC_1
A549-MS,TAGTCATCCATT_1
A549-MS,TCATTCACAGGA_2
A549-MS,TCGCGGCTACGA_1
A549-MS,GCGGTTCACTGT_2
A549-MS,CTCAGACATCCT_1
A549-MS,TGGTCCAGAACA_1
A549-MS,AGAAGAACTAGT_1
A549-MS,GAGTGGACTAGT_1
A549-MS,TATAATGTGAAG_2
A549-MS,TCGGCAGCTGAT_1
A549-MS,CATTTTTGTGTC_2
A549-MS,TCCCGATCCTGC_2
A549-MS,CGTACGAGAACA_1
A549-MS,TAACGTAGACGG_2
A549-MS,GTAAGACACTGT_2
A549-MS,CTAGCTCACTGT_1
A549-MS,GACTATACTAGT_1
A549-MS,GCAGTCTCCATT_2
A549-MS,TACAGCGTGGTT_2
A549-MS,TAGTCAAGACGG_1
A549-MS,AGCGGCGCTGAT_2
A549-MS,AGTCAAAGTGAC_1
A549-MS,GAAGCTGTGGTT_1
A549-MS,GTGAAATGACTC_2
A549-MS,CGCAACCTCTTC_2
A549-MS,TTACTTACTAGT_1
A549-MS,CGATAGGTGGTT_2
A549-MS,CGATAGACAGGA_1
A549-MS,CCGTCCAGTGAC_1
A549-MS,CGGAGATGTGTC_1
A549-MS,AGTCAAACAGGA_1
A549-MS,GCAGTCGCTGAT_1
A549-MS,GTCATCCCTCAA_1
A549-MS,CGGAGAAGAACA_1
A549-MS,GTGAAACTACGA_1
A549-MS,CATGGCCTCTTC_1
A549-MS,TAACGTTCCATT_1
A549-MS,CTAGCTGCGATC_1
A549-MS,GCAGTCTCCTGC_1
A549-MS,CACTCATCCTGC_1
A549-MS,ACTAAGTGTGTC_1
A549-MS,AGTTCCTCCATT_1
A549-MS,CATGGCAGAACA_1
A549-MS,GTAAGAGCGATC_2
A549-MS,GCAGTCAGTGAC_2
A549-MS,CAACTAAGACGG_2
A549-MS,CAGCATAGAACA_1
A549-MS,GTCCGCCCTCAA_2
A549-MS,ACTGATGTGGTT_1
A549-MS,GACTATAGTGAC_1
A549-MS,GTTAAGAGAACA_1
A549-MS,GGTAGCTGACTC_2
A549-MS,GAGTAACACTGT_1
A549-MS,CAACTAAGTGAC_2
A549-MS,GTAAGATGTGTC_1
A549-MS,CAGGCGACTAGT_2
A549-MS,AACGGTAGAACA_2
A549-MS,AACCTCAGTGAC_1
A549-MS,GTGAAAGTGGTT_2
A549-MS,GGATATAGTGAC_2
A549-MS,GTTTCGTGACTC_1
A549-MS,CCGTCCAGTGAC_2
A549-MS,AGAAGAAGAACA_2
A549-MS,GAGTGGTCCTGC_2
A549-MS,TATAATTGACTC_1
A549-MS,GTTTCGGCGATC_1
A549-MS,GTTTCGACAGGA_2
A549-MS,CAACTAGTGGTT_1
A549-MS,CCGTCCACAGGA_2
A549-MS,GAGTAAGCGATC_2
A549-MS,CCAACAAGTGAC_1
A549-MS,GACGACTCCTGC_1
A549-MS,AACCAATGACTC_1
A549-MS,AGCGGCACTAGT_1
A549-MS,CCGTCCTCCTGC_1
A549-MS,GTGGCCAGAACA_2
A549-MS,AGTCAAAGAACA_1
A549-MS,ATGAGCCACTGT_2
A549-MS,GACGACTGTGTC_2
A549-MS,AACCTCAGACGG_1
A549-MS,CATTTTCATCCT_2
A549-MS,CGATAGAGTGAC_2
A549-MS,CACCGGGCGATC_2
A549-MS,CCGCCTTCCATT_1
A549-MS,CAGCATACAGGA_1
A549-MS,TCCCGAGTGAAG_2
A549-MS,TCGCGGACTAGT_1
A549-MS,CACGATGTGAAG_2
A549-MS,TAACGTTGTGTC_2
A549-MS,TGGCCTACAGGA_1
A549-MS,GACTATGCGATC_1
A549-MS,GGATATTCCATT_1
A549-MS,GGTAGCAGTGAC_1
A549-MS,GAAGCTCACTGT_2
A549-MS,TCCCGATGTGTC_2
A549-MS,GCGGTTCTACGA_1
A549-MS,ACCAGATGACTC_1
A549-MS,GAGTAAAGTGAC_1
A549-MS,TTCTGACACTGT_1
A549-MS,TAATCGAGACGG_1
A549-MS,TTCTGACATCCT_1
A549-MS,CTATACACTAGT_2
A549-MS,GTTAAGAGACGG_2
A549-MS,AGCGGCTCCATT_2
A549-MS,GAGTGGGCTGAT_1
A549-MS,AGAAGATGACTC_1
A549-MS,GAGTGGTGTGTC_1
A549-MS,GAGTGGACAGGA_2
A549-MS,TCGCGGAGAACA_2
A549-MS,GTTAAGTCCATT_2
A549-MS,CGGAGAGTGGTT_1
A549-MS,TCCCGATGACTC_2
A549-MS,AGAAGAGCGATC_1
A549-MS,CCTTCAGTGGTT_2
A549-MS,GAGTAACATCCT_2
A549-MS,GGTAGCCCTCAA_1
A549-MS,GTGGCCTGACTC_1
A549-MS,TCGCGGTCCTGC_1
A549-MS,GCAGTCCTACGA_2
A549-MS,AGTCAACCTCAA_2
A549-MS,CATGGCAGACGG_2
A549-MS,TCATTCCTACGA_2
A549-MS,GTCCGCGTGGTT_1
A549-MS,GTGGCCCACTGT_1
A549-MS,GTCATCCATCCT_2
A549-MS,CATGGCCACTGT_1
A549-MS,CGAATAAGAACA_1
A549-MS,CGAATAGCGATC_1
A549-MS,ACTGCACTCTTC_1
A549-MS,GTTAAGTGACTC_2
A549-MS,AACGGTGCTGAT_1
A549-MS,AACGGTTGTGTC_1
A549-MS,GCTCAATCCATT_2
A549-MS,TGGCCTCTCTTC_2
A549-MS,GCAGTCGTGAAG_2
A549-MS,GGTAGCCTACGA_2
A549-MS,ACTAAGAGAACA_1
A549-MS,GTTTCGCCTCAA_2
A549-MS,GCTCAACATCCT_2
A549-MS,ATGTCACTACGA_1
A549-MS,CAGGCGTCCATT_2
A549-MS,GTAGAGTGTGTC_2
A549-MS,TAACGTAGTGAC_1
A549-MS,CCGTCCTCCATT_2
A549-MS,GGAGTTCATCCT_2
A549-MS,CCTAGCCATCCT_1
A549-MS,AACCAATCCTGC_1
A549-MS,TTACTTGTGAAG_1
A549-MS,CCGTCCACTAGT_2
A549-MS,GTAGAGTGTGTC_1
A549-MS,CTATACGCTGAT_1
A549-MS,CAAAAGCTACGA_1
A549-MS,TCGAAGTCCTGC_2
A549-MS,CGCAACCATCCT_2
A549-MS,AACGGTCACTGT_2
A549-MS,CAAAAGCACTGT_1
A549-MS,GTTAAGGTGAAG_1
A549-MS,GTAAGAACTAGT_1
A549-MS,CACTCAGTGGTT_1
A549-MS,TTCTGATGTGTC_2
A549-MS,TAGTCAGTGGTT_1
A549-MS,AGTTCCACTAGT_2
A549-MS,ACTAAGCTCTTC_1
A549-MS,CGGAGATGACTC_1
A549-MS,GCGGTTGTGAAG_2
A549-MS,CGCAACACTAGT_1
A549-MS,AACCTCTCCATT_2
A549-MS,GGATATGCGATC_1
A549-MS,CTATACACAGGA_1
A549-MS,ACTAAGGTGGTT_1
A549-MS,CGCAACGCTGAT_1
A549-MS,AGTTCCGCTGAT_2
A549-MS,CGGAATGTGGTT_1
HELA-MS,AGTTCCTGTCCT_1
HELA-MS,TCATTCCTAACT_1
HELA-MS,GACTATCTAACT_2
HELA-MS,TGGCCTTGTCCT_2
HELA-MS,GTGGCCAAGTTC_1
HELA-MS,CACTCATGTTCC_1
HELA-MS,CACTCACAGGAG_2
HELA-MS,CTAGCTTGTTCC_2
HELA-MS,GAAGCTACGGAT_2
HELA-MS,TGGCCTGCGTGA_1
HELA-MS,CGCAACCTCACG_2
HELA-MS,GGTAGCGAACTG_1
HELA-MS,CATTTTGAAGCC_2
HELA-MS,ACTAAGACGGAT_1
HELA-MS,GGATATCAATCC_1
HELA-MS,GTATCTGAAGCC_2
HELA-MS,AGTTCCAAGTTC_1
HELA-MS,GTTTCGCGAAGT_2
HELA-MS,CTAGCTACCACC_1
HELA-MS,GAGTAACTCACG_1
HELA-MS,AGAAGAGAAGCC_2
HELA-MS,CGCAACGAAGCC_2
HELA-MS,GTAAGAGAACTG_2
HELA-MS,CAACTAAAGTTC_1
HELA-MS,TCATTCTGTCCT_2
HELA-MS,TACAGCCTAACT_2
HELA-MS,CATTTTTGTCCT_1
HELA-MS,CACTCATGGTAT_2
HELA-MS,AACCTCGAAGCC_2
HELA-MS,ATGTCACTCACG_2
HELA-MS,GAGCCTTGTCCT_2
HELA-MS,TATAATCGAAGT_1
HELA-MS,CTAGCTCGAAGT_2
HELA-MS,CATTTTTGGTAT_1
HELA-MS,GTTAAGGAACTG_2
HELA-MS,GTCCGCATCTCT_1
HELA-MS,TGGTCCCGAAGT_2
HELA-MS,GGAGTTCAGGAG_2
HELA-MS,CATTTTTGTTCC_2
HELA-MS,TTCTGAAACGCT_1
HELA-MS,AACGGTATCTCT_1
HELA-MS,TATAATAACGCT_1
HELA-MS,CGTACGCTAACT_1
HELA-MS,GTGAAAACGGAT_1
HELA-MS,GGAGTTTGTCCT_1
HELA-MS,GAGCCTACGGAT_1
HELA-MS,GTCATCCTCACG_1
HELA-MS,ATGTCAATCTCT_1
HELA-MS,GCGGTTCAATCC_2
HELA-MS,CGCAACAACGCT_1
HELA-MS,GTAGAGCTCACG_1
HELA-MS,ATTCCTGCGTGA_2
HELA-MS,CAGGCGAACGCT_2
HELA-MS,TAACGTACCACC_2
HELA-MS,CCAACATGGTAT_1
HELA-MS,GTTAAGACCACC_1
HELA-MS,TTACTTCGAAGT_1
HELA-MS,GACTATCGAAGT_1
HELA-MS,CACCGGGAAGCC_1
HELA-MS,CCGCCTGAACTG_1
HELA-MS,CACTCAACCACC_1
HELA-MS,CAGCATCTCACG_2
HELA-MS,CACGATCTAACT_2
HELA-MS,CTATACCAATCC_1
HELA-MS,GTGGCCACTTCG_1
HELA-MS,TCATTCCAATCC_1
HELA-MS,CGCAACGTGAGT_2
HELA-MS,TAACGTCGAAGT_1
HELA-MS,TATAATGTGAGT_1
HELA-MS,GGATATCTAACT_1
HELA-MS,GCTCAAATCTCT_2
HELA-MS,AGTTCCCGAAGT_1
HELA-MS,CAAAAGCTCACG_1
HELA-MS,TAACGTAACGCT_1
HELA-MS,CGGAGAACCACC_2
HELA-MS,GCTCAATGTCCT_1
HELA-MS,CGGAGACGAAGT_1
HELA-MS,CGTACGATCTCT_2
HELA-MS,GTTTCGAACGCT_2
HELA-MS,CGCAACCGAAGT_1
HELA-MS,CGGAGATGGTAT_2
HELA-MS,TCGCGGTGTCCT_1
HELA-MS,TCGCGGTGGTAT_1
HELA-MS,TAACGTACTTCG_1
HELA-MS,GCAGTCCTAACT_1
HELA-MS,GAGTAAAACGCT_2
HELA-MS,GAGTGGAACGCT_1
HELA-MS,GTGAAAACCACC_1
HELA-MS,GAGTAATGTTCC_1
HELA-MS,GTAGAGAACGCT_1
HELA-MS,CCGTCCCGAAGT_1
HELA-MS,TCCCGACAATCC_1
HELA-MS,GTTTCGGCGTGA_2
HELA-MS,TCCCGAACTTCG_1
HELA-MS,CGGAATAACGCT_1
HELA-MS,CCAACAAAGTTC_1
HELA-MS,ATGAGCCAGGAG_2
HELA-MS,CACTCACTCACG_1
HELA-MS,AACCTCCTCACG_1
HELA-MS,TGGTCCCTAACT_1
HELA-MS,GTAGAGGAAGCC_1
HELA-MS,CACTCACAATCC_1
HELA-MS,GCGGTTACCACC_1
HELA-MS,TCGCGGGCGTGA_2
HELA-MS,GACGACCAGGAG_1
HELA-MS,CCAACATGTTCC_1
HELA-MS,CGGAATGTGAGT_2
HELA-MS,CTAGCTATCTCT_2
HELA-MS,TATAATACCACC_1
HELA-MS,GTTTCGCAGGAG_2
HELA-MS,CAACTAGTGAGT_1
HELA-MS,CGGAGAGAACTG_2
HELA-MS,CGGAGACAGGAG_1
HELA-MS,CAGGCGACTTCG_2
HELA-MS,TTCTGAGAACTG_1
HELA-MS,GTTTCGGTGAGT_1
HELA-MS,AGCGGCAAGTTC_1
HELA-MS,GAGTGGTGTTCC_1
HELA-MS,CTAGCTTGTCCT_1
HELA-MS,TCCCGAAAGTTC_2
HELA-MS,AGTTCCGTGAGT_1
HELA-MS,CATTTTTGTTCC_1
HELA-MS,GAGTAAGAACTG_1
HELA-MS,TCGGCAACTTCG_1
HELA-MS,CATGGCATCTCT_1
HELA-MS,TCATTCCAGGAG_1
HELA-MS,GTCCGCACTTCG_1
HELA-MS,AGTCAAAAGTTC_1
HELA-MS,CAGGCGGTGAGT_1
HELA-MS,CGGAATAAGTTC_2
HELA-MS,ACTGATATCTCT_1
HELA-MS,TACAGCACCACC_2
HELA-MS,GACGACGAACTG_1
HELA-MS,CTAGCTACTTCG_1
HELA-MS,TCGGCAAAGTTC_1
HELA-MS,ACCAGAAAGTTC_1
HELA-MS,TCCCGATGTTCC_1
HELA-MS,GGTAGCTGTTCC_2
HELA-MS,ACTGATGAACTG_1
HELA-MS,GCGGTTCTAACT_1
HELA-MS,CCTAGCATCTCT_1
HELA-MS,ACTAAGCAGGAG_2
HELA-MS,CATGGCCTCACG_1
HELA-MS,GTTTCGACGGAT_1
HELA-MS,GCAGTCACGGAT_1
HELA-MS,GACGACATCTCT_1
HELA-MS,CCGCCTACCACC_2
HELA-MS,GTCATCACGGAT_2
HELA-MS,CCTAGCACTTCG_2
HELA-MS,TCGAAGATCTCT_1
HELA-MS,GCAGTCCTAACT_2
HELA-MS,TATAATACGGAT_1
HELA-MS,CCGCCTCAGGAG_2
HELA-MS,TCCCGATGTCCT_1
HELA-MS,ATGAGCAACGCT_1
HELA-MS,CTATACCAGGAG_1
HELA-MS,ATTCCTGTGAGT_1
HELA-MS,CGAATATGTCCT_2
HELA-MS,ACTAAGTGGTAT_1
HELA-MS,CGATAGCTCACG_1
HELA-MS,ATGAGCTGTCCT_1
HELA-MS,CGGAATTGTCCT_1
HELA-MS,GCAGTCGTGAGT_1
HELA-MS,CAGCATGCGTGA_2
HELA-MS,GAGTGGAAGTTC_1
HELA-MS,GAGTGGATCTCT_1
HELA-MS,GACGACATCTCT_2
HELA-MS,CTAGCTAACGCT_1
HELA-MS,CATGGCCTAACT_1
HELA-MS,TAATCGTGTTCC_1
HELA-MS,GTATCTATCTCT_1
HELA-MS,TAACGTCAGGAG_1
HELA-MS,ACTGATACGGAT_2
HELA-MS,GAGCCTAAGTTC_1
HELA-MS,CCTAGCCTAACT_1
HELA-MS,CGCAACACGGAT_1
HELA-MS,CGGAGACTCACG_1
HELA-MS,GTCATCCGAAGT_2
HELA-MS,TGGCCTACTTCG_1
HELA-MS,GAGTAACAGGAG_1
HELA-MS,ATGTCAGCGTGA_1
HELA-MS,GAGTAATGTCCT_1
HELA-MS,CACCGGACTTCG_1
HELA-MS,GGATATGAAGCC_2
HELA-MS,CCAACATGGTAT_2
HELA-MS,CGAATACTCACG_1
HELA-MS,TCGCGGCAATCC_1
HELA-MS,GGATATTGTTCC_1
HELA-MS,TCCCGAGCGTGA_1
HELA-MS,AACCTCCTAACT_1
HELA-MS,TCCCGAACGGAT_1
HELA-MS,CTATACTGGTAT_2
HELA-MS,TATAATCTCACG_2
HELA-MS,CGCAACACGGAT_2
HELA-MS,GAGTGGACGGAT_1
HELA-MS,ACCAGACTCACG_1
HELA-MS,CCGCCTCTAACT_1
HELA-MS,CATGGCACCACC_1
HELA-MS,GTGAAATGGTAT_2
HELA-MS,GTGGCCACCACC_1
HELA-MS,GTCCGCCAGGAG_1
HELA-MS,CGTACGAACGCT_2
HELA-MS,ACTGATACGGAT_1
HELA-MS,CCGTCCTGGTAT_2
HELA-MS,AACCAAATCTCT_2
HELA-MS,TCGGCAACGGAT_1
HELA-MS,ACTGATAACGCT_2
HELA-MS,GACTATGAACTG_2
HELA-MS,ACTAAGTGTCCT_1
HELA-MS,CTATACACTTCG_2
HELA-MS,CCGTCCAACGCT_2
HELA-MS,GTGAAACTAACT_1
HELA-MS,CAGCATCTCACG_1
HELA-MS,TACAGCCAATCC_1
HELA-MS,CGCAACCTAACT_1
HELA-MS,CCGCCTAACGCT_2
HELA-MS,AGTTCCCGAAGT_2
HELA-MS,CAACTAACGGAT_1
HELA-MS,CCTAGCAAGTTC_1
HELA-MS,AGAAGAGCGTGA_2
HELA-MS,TCGCGGACCACC_1
HELA-MS,CACTCAGAACTG_2
HELA-MS,CGGAATGAAGCC_2
HELA-MS,TAATCGAAGTTC_1
HELA-MS,CGAATAACGGAT_1
HELA-MS,ATTCCTCAGGAG_1
HELA-MS,ACCAGATGTTCC_1
HELA-MS,CATTTTGTGAGT_1
HELA-MS,TCATTCACCACC_1
HELA-MS,ATTCCTCTCACG_1
HELA-MS,CGGAATCTCACG_1
HELA-MS,GCGGTTTGGTAT_2
HELA-MS,CATTTTACCACC_1
HELA-MS,CACTCACTAACT_2
HELA-MS,GAGCCTAACGCT_2
HELA-MS,TTACTTCTCACG_1
HELA-MS,GCTCAAAAGTTC_2
HELA-MS,TGGTCCTGTCCT_1
HELA-MS,GGAGTTTGGTAT_2
HELA-MS,CACCGGCGAAGT_2
HELA-MS,ACCAGAACTTCG_1
HELA-MS,TCCCGAGTGAGT_2
HELA-MS,CCTAGCCAATCC_2
HELA-MS,GCGGTTCAGGAG_1
HELA-MS,AACCAAACTTCG_2
HELA-MS,GTAAGAAACGCT_1
HELA-MS,TAACGTGTGAGT_2
HELA-MS,TAGTCAGAACTG_1
HELA-MS,CGCAACTGTCCT_1
HELA-MS,TATAATGAACTG_1
HELA-MS,CATGGCGCGTGA_1
HELA-MS,TTCTGATGTTCC_1
HELA-MS,GCGGTTCAGGAG_2
HELA-MS,CTCAGAAAGTTC_1
HELA-MS,CTATACCGAAGT_1
HELA-MS,ACTGATAACGCT_1
HELA-MS,GTGAAAAACGCT_1
HELA-MS,GTAGAGCAATCC_1
HELA-MS,GACTATCAGGAG_1
HELA-MS,CATTTTACGGAT_2
HELA-MS,GTGGCCAAGTTC_2
HELA-MS,ATGAGCACCACC_1
HELA-MS,CGCAACACTTCG_1
HELA-MS,TGGTCCTGGTAT_1
HELA-MS,ATTCCTGCGTGA_1
HELA-MS,AGAAGACTCACG_2
HELA-MS,ACTGCACTAACT_2
HELA-MS,GTGGCCTGTCCT_2
HELA-MS,CGGAGACAATCC_1
HELA-MS,GACGACAACGCT_1
HELA-MS,GTGGCCATCTCT_2
HELA-MS,CCGTCCTGTCCT_2
HELA-MS,AGTCAAGAAGCC_1
HELA-MS,CCTAGCTGTCCT_1
HELA-MS,CAGCATCGAAGT_2
HELA-MS,CAAAAGGTGAGT_1
HELA-MS,CACTCACGAAGT_2
HELA-MS,TGGCCTCGAAGT_1
HELA-MS,CACGATGTGAGT_1
HELA-MS,GAAGCTGAACTG_2
HELA-MS,CATTTTACTTCG_1
HELA-MS,CTATACACCACC_1
HELA-MS,ACTAAGACTTCG_2
HELA-MS,GAGTAAGAAGCC_1
HELA-MS,ACCAGAAAGTTC_2
HELA-MS,CCTAGCCAATCC_1
HELA-MS,CACTCAACTTCG_1
HELA-MS,GTTAAGTGTCCT_1
HELA-MS,TCGGCAGAAGCC_1
HELA-MS,GGATATTGGTAT_1
HELA-MS,CAGCATTGGTAT_1
HELA-MS,TGGCCTAACGCT_1
HELA-MS,GGTAGCATCTCT_1
HELA-MS,TTACTTACGGAT_1
HELA-MS,TCGGCATGTTCC_1
HELA-MS,CAAAAGGAACTG_2
HELA-MS,GTCCGCAACGCT_1
HELA-MS,TCGCGGTGTCCT_2
HELA-MS,TAATCGACCACC_1
HELA-MS,GACGACGTGAGT_1
HELA-MS,TCGGCAGAAGCC_2
HELA-MS,AACGGTTGTCCT_1
HELA-MS,GAAGCTAAGTTC_1
HELA-MS,TATAATGAACTG_2
HELA-MS,TAACGTAACGCT_2
HELA-MS,CCAACACAGGAG_1
HELA-MS,GTATCTTGGTAT_1
HELA-MS,CCGTCCCAGGAG_1
HELA-MS,TTCTGACAGGAG_1
HELA-MS,ATGAGCTGTCCT_2
HELA-MS,ACTGATCGAAGT_1
HELA-MS,GTATCTACGGAT_1
HELA-MS,CACTCAATCTCT_2
HELA-MS,AGAAGAGAACTG_1
HELA-MS,TAACGTTGTCCT_1
HELA-MS,GGAGTTCGAAGT_1
HELA-MS,AACGGTAAGTTC_1
HELA-MS,GACTATAACGCT_1
HELA-MS,TTCTGATGGTAT_2
HELA-MS,CAAAAGGTGAGT_2
HELA-MS,GAAGCTCTAACT_2
HELA-MS,GTCATCGAAGCC_1
HELA-MS,TGGTCCCTCACG_2
HELA-MS,GCTCAAATCTCT_1
HELA-MS,GAGTAATGGTAT_2
HELA-MS,ATGAGCTGGTAT_2
HELA-MS,AGTTCCCTAACT_1
HELA-MS,CCGCCTGCGTGA_1
HELA-MS,CCGTCCGAAGCC_1
HELA-MS,CGGAATGAAGCC_1
HELA-MS,GACTATTGTCCT_1
HELA-MS,GGTAGCACTTCG_2
HELA-MS,ATGTCAGTGAGT_1
HELA-MS,AGCGGCAAGTTC_2
HELA-MS,ATGAGCACTTCG_2
HELA-MS,GTCCGCACGGAT_1
HELA-MS,AACCAACTAACT_2
HELA-MS,GCGGTTATCTCT_1
HELA-MS,GCTCAATGTTCC_1
HELA-MS,ACTAAGAAGTTC_1
HELA-MS,GCTCAAAACGCT_1
HELA-MS,GAGCCTACCACC_1
HELA-MS,TGGCCTGTGAGT_2
HELA-MS,CAAAAGTGTTCC_1
HELA-MS,AACCTCACGGAT_1
HELA-MS,CCTTCAGTGAGT_1
HELA-MS,GAAGCTACTTCG_1
HELA-MS,CAAAAGTGGTAT_1
HELA-MS,TCCCGAACCACC_2
HELA-MS,GAGTGGCGAAGT_1
HELA-MS,GTAAGAACCACC_2
HELA-MS,TGGCCTCGAAGT_2
HELA-MS,GTCCGCTGGTAT_1
HELA-MS,AGTCAACAGGAG_2
HELA-MS,GACTATGAACTG_1
HELA-MS,CGCAACGAAGCC_1
HELA-MS,AGTTCCAACGCT_1
HELA-MS,TTCTGAACGGAT_2
HELA-MS,GTATCTGTGAGT_1
HELA-MS,CATTTTAAGTTC_2
HELA-MS,GTCCGCAACGCT_2
HELA-MS,ACTGATCAATCC_2
HELA-MS,CGATAGAACGCT_2
HELA-MS,CAGCATACTTCG_1
HELA-MS,ATGAGCCTAACT_1
HELA-MS,AGCGGCCAGGAG_2
HELA-MS,ATTCCTTGGTAT_1
HELA-MS,GAGTAACTAACT_1
HELA-MS,GTAGAGATCTCT_1
HELA-MS,CAACTAGCGTGA_1
HELA-MS,CTCAGACGAAGT_1
HELA-MS,CATGGCACGGAT_1
HELA-MS,TCGAAGGAACTG_1
HELA-MS,CCGTCCACCACC_2
HELA-MS,CACCGGATCTCT_1
HELA-MS,GGATATAAGTTC_1
HELA-MS,AGCGGCACGGAT_1
HELA-MS,CAAAAGACGGAT_2
HELA-MS,ATGTCACAGGAG_1
HELA-MS,CGTACGACGGAT_1
HELA-MS,ATTCCTGAACTG_2
HELA-MS,GAAGCTTGTCCT_2
HELA-MS,ACCAGAACGGAT_1
HELA-MS,CTATACGCGTGA_1
HELA-MS,CACCGGTGGTAT_1
HELA-MS,GCGGTTTGTTCC_2
HELA-MS,GTGGCCTGGTAT_1
HELA-MS,GTATCTGCGTGA_2
HELA-MS,CAAAAGCAATCC_1
HELA-MS,GTGGCCCGAAGT_2
HELA-MS,AGTTCCTGTTCC_1
HELA-MS,GTAAGAACGGAT_2
HELA-MS,ATTCCTGAAGCC_2
HELA-MS,GTAGAGTGTTCC_1
HELA-MS,GTCCGCACCACC_2
HELA-MS,TTCTGACAATCC_1
HELA-MS,CTCAGATGGTAT_1
HELA-MS,ACCAGATGGTAT_2
HELA-MS,GTAGAGTGGTAT_1
HELA-MS,GAAGCTCTAACT_1
HELA-MS,GTAAGAACCACC_1
HELA-MS,ACTGATGTGAGT_1
HELA-MS,GCTCAACGAAGT_1
HELA-MS,ATTCCTACGGAT_1
HELA-MS,CACGATAACGCT_2
HELA-MS,CCTTCAAAGTTC_1
HELA-MS,CCAACAATCTCT_1
HELA-MS,CAACTATGTTCC_1
HELA-MS,AACCAAACCACC_2
HELA-MS,CCTAGCATCTCT_2
HELA-MS,TTACTTGAACTG_2
HELA-MS,GGAGTTCTAACT_1
HELA-MS,GGTAGCACGGAT_1
HELA-MS,GTTTCGCAGGAG_1
HELA-MS,AACGGTACTTCG_1
HELA-MS,TACAGCAACGCT_2
HELA-MS,TCCCGAGAACTG_1
HELA-MS,CAACTAAACGCT_2
HELA-MS,TTCTGACTAACT_1
HELA-MS,TCGAAGGAAGCC_1
HELA-MS,GTCCGCTGGTAT_2
HELA-MS,GGAGTTCTCACG_1
HELA-MS,TCGAAGCGAAGT_1
HELA-MS,GCGGTTGAACTG_1
HELA-MS,GACTATACTTCG_1
HELA-MS,AGTCAAATCTCT_1
HELA-MS,GTGGCCCTAACT_2
HELA-MS,CGGAATACTTCG_1
K562-MS,GTGGCCATGCCA_2
K562-MS,GTGGCCTTAGCC_1
K562-MS,CGAATATCGCTA_1
K562-MS,ACTGCAACCTTA_1
K562-MS,GAGCCTGTCGTG_1
K562-MS,GCGGTTATTCAT_1
K562-MS,CAGCATGTCGTG_1
K562-MS,ACTGATCAACAT_1
K562-MS,AACCTCACCTTA_1
K562-MS,TGGCCTAATCTG_2
K562-MS,CTCAGACCAGTC_1
K562-MS,GTAGAGCAGATT_2
K562-MS,GAGTAACAGATT_2
K562-MS,GTATCTTTAGCC_1
K562-MS,GGTAGCTCAGCT_2
K562-MS,GCGGTTAGGTGC_1
K562-MS,GTAAGACAGATT_1
K562-MS,AACGGTGTCGTG_1
K562-MS,GTCATCGTCGTG_1
K562-MS,ACCAGAAATCTG_1
K562-MS,TTACTTTCAGCT_2
K562-MS,TGGTCCTCGCTA_2
K562-MS,GAGTGGGTCGTG_1
K562-MS,CCGTCCCAGATT_1
K562-MS,CCTAGCAGTCTT_1
K562-MS,GCAGTCTTAGCC_1
K562-MS,CGATAGCAGATT_1
K562-MS,TAACGTCCAGTC_1
K562-MS,GTGGCCAGGTGC_2
K562-MS,ACTAAGAGTCTT_2
K562-MS,AGCGGCCAGATT_1
K562-MS,ATGAGCGTATGC_2
K562-MS,CATTTTTCAGCT_1
K562-MS,TCCCGAATTCAT_2
K562-MS,CCGTCCGGCTCA_2
K562-MS,TTACTTGTATGC_1
K562-MS,CAGCATCCAGTC_1
K562-MS,GTAGAGTCGCTA_2
K562-MS,CTATACAGTCTT_2
K562-MS,GTCATCATTCAT_1
K562-MS,ATGAGCATTCAT_1
K562-MS,TGGTCCAGGTGC_1
K562-MS,TAATCGAGGTGC_1
K562-MS,ATGAGCGTATGC_1
K562-MS,GGAGTTAGTCTT_2
K562-MS,CAGGCGTCAGCT_1
K562-MS,TTCTGAAGTCTT_1
K562-MS,TCGGCAGGCTCA_2
K562-MS,AACGGTTTAGCC_1
K562-MS,TTCTGAGTATGC_1
K562-MS,GCAGTCAATCTG_1
K562-MS,GCTCAATCGCTA_1
K562-MS,ATTCCTACCTTA_1
K562-MS,ACTGCATCGCTA_1
K562-MS,TCGGCACATGGC_1
K562-MS,GAGTGGTACATC_2
K562-MS,TAATCGCAACAT_2
K562-MS,TCATTCAGGTGC_1
K562-MS,TATAATTTAGCC_1
K562-MS,GGAGTTTACATC_1
K562-MS,CCGCCTGGCTCA_2
K562-MS,TACAGCCAACAT_1
K562-MS,CAGCATATGCCA_1
K562-MS,ACTAAGATGCCA_2
K562-MS,CTATACGGCTCA_1
K562-MS,ATGTCAAGTCTT_1
K562-MS,GGAGTTGGCTCA_2
K562-MS,GAGCCTTCAGCT_1
K562-MS,GAGTAACATGGC_1
K562-MS,CAACTATCGCTA_2
K562-MS,GTAGAGCCAGTC_2
K562-MS,CTCAGACAGATT_2
K562-MS,TCGGCAAGTCTT_2
K562-MS,GCTCAAGTCGTG_2
K562-MS,CCAACATTAGCC_1
K562-MS,CAACTAATTCAT_2
K562-MS,CAAAAGCATGGC_1
K562-MS,TCCCGAATTCAT_1
K562-MS,GCGGTTTCGCTA_2
K562-MS,CCGCCTCAGATT_1
K562-MS,GCTCAACAGATT_2
K562-MS,GCGGTTGGCTCA_2
K562-MS,GTAGAGTTAGCC_1
K562-MS,CCTTCAACCTTA_2
K562-MS,GAGTAAAATCTG_1
K562-MS,GCTCAAAGGTGC_1
K562-MS,CCTTCAACCTTA_1
K562-MS,TACAGCTCAGCT_1
K562-MS,GAGCCTCATGGC_2
K562-MS,CTATACTCAGCT_2
K562-MS,CAACTAGTCGTG_1
K562-MS,TAGTCAGTATGC_2
K562-MS,CTCAGACCAGTC_2
K562-MS,GACTATAGTCTT_2
K562-MS,CCTTCAGGCTCA_2
K562-MS,CCTAGCAATCTG_2
K562-MS,TCGCGGGTATGC_1
K562-MS,CGGAATCATGGC_2
K562-MS,CGATAGAGGTGC_2
K562-MS,TTACTTCAGATT_2
K562-MS,TCGAAGAGTCTT_2
K562-MS,GGATATTCAGCT_2
K562-MS,ATGAGCTCAGCT_1
K562-MS,ATTCCTAATCTG_1
K562-MS,TGGTCCACCTTA_1
K562-MS,CTCAGAAGGTGC_2
K562-MS,ATTCCTCCAGTC_1
K562-MS,CCTTCAAATCTG_2
K562-MS,GGTAGCGTATGC_1
K562-MS,CGATAGGTCGTG_1
K562-MS,CCAACAAGTCTT_2
K562-MS,GCGGTTATGCCA_1
K562-MS,CAGCATATGCCA_2
K562-MS,AACGGTATTCAT_1
K562-MS,CATGGCAGTCTT_2
K562-MS,AGAAGACAGATT_2
K562-MS,CACCGGTCGCTA_1
K562-MS,ACTAAGGGCTCA_1
K562-MS,CACCGGCATGGC_1
K562-MS,CATTTTGTATGC_1
K562-MS,TGGTCCCATGGC_2
K562-MS,CGCAACTACATC_1
K562-MS,TGGCCTCCAGTC_2
K562-MS,CAAAAGTTAGCC_2
K562-MS,CGTACGAGGTGC_1
K562-MS,TGGTCCGGCTCA_1
K562-MS,TCATTCTACATC_2
K562-MS,TAGTCAGGCTCA_2
K562-MS,TCCCGAACCTTA_2
K562-MS,GAGTGGTTAGCC_1
K562-MS,GGTAGCTACATC_2
K562-MS,CTATACTCGCTA_2
K562-MS,ATGTCATACATC_2
K562-MS,GAGTGGCAACAT_1
K562-MS,TCATTCTCAGCT_1
K562-MS,GCTCAAATTCAT_1
K562-MS,CCGTCCTCAGCT_1
K562-MS,AGAAGAGTCGTG_1
K562-MS,AGTCAAATGCCA_1
K562-MS,GGATATTCGCTA_1
K562-MS,CACTCATACATC_1
K562-MS,CCGCCTGTATGC_1
K562-MS,GTCATCTTAGCC_1
K562-MS,CGAATAAGGTGC_1
K562-MS,GTAGAGTCGCTA_1
K562-MS,CGAATAAGTCTT_2
K562-MS,CTAGCTGTCGTG_1
K562-MS,CGATAGAGTCTT_2
K562-MS,GGAGTTACCTTA_2
K562-MS,ACTAAGCATGGC_1
K562-MS,CCGTCCAGTCTT_1
K562-MS,GTTTCGGTCGTG_1
K562-MS,AGTCAACAGATT_2
K562-MS,GTGAAAATTCAT_1
K562-MS,AACGGTTCGCTA_1
K562-MS,TGGCCTCCAGTC_1
K562-MS,CTAGCTGGCTCA_1
K562-MS,ACCAGATTAGCC_1
K562-MS,CAGGCGAATCTG_2
K562-MS,CAGCATATTCAT_2
K562-MS,AGCGGCCCAGTC_1
K562-MS,CCTTCAGGCTCA_1
K562-MS,TTACTTAGTCTT_2
K562-MS,TTACTTCCAGTC_2
K562-MS,CGTACGCCAGTC_1
K562-MS,ACTGCAATTCAT_1
K562-MS,AACCAACATGGC_2
K562-MS,ATTCCTTCAGCT_2
K562-MS,TTCTGACAGATT_2
K562-MS,CGCAACTCGCTA_1
K562-MS,CATTTTTACATC_1
K562-MS,CTAGCTGTATGC_1
K562-MS,AACCAAAGGTGC_2
K562-MS,AGCGGCAGGTGC_1
K562-MS,TCGCGGGGCTCA_1
K562-MS,CGAATATACATC_1
K562-MS,GTAGAGGGCTCA_1
K562-MS,GCGGTTCAACAT_1
K562-MS,GTCATCTACATC_1
K562-MS,CGGAGAAGTCTT_2
K562-MS,TAGTCAGTCGTG_1
K562-MS,GAAGCTGTATGC_2
K562-MS,CATTTTCCAGTC_2
K562-MS,ACCAGAGTCGTG_1
K562-MS,TTACTTGTATGC_2
K562-MS,AACCAAATTCAT_1
K562-MS,GTATCTAGTCTT_2
K562-MS,CCTTCAGTCGTG_2
K562-MS,TTACTTATGCCA_1
K562-MS,TCGCGGTCGCTA_1
K562-MS,TCCCGACAACAT_1
K562-MS,AGCGGCTCGCTA_1
K562-MS,CATGGCCAACAT_1
K562-MS,TAGTCATCGCTA_1
K562-MS,GAGTAAGTCGTG_1
K562-MS,GCAGTCACCTTA_1
K562-MS,GTAGAGATTCAT_1
K562-MS,CTAGCTATTCAT_1
K562-MS,ACCAGACCAGTC_2
K562-MS,CAAAAGATTCAT_1
K562-MS,GACTATAGTCTT_1
K562-MS,TGGCCTACCTTA_2
K562-MS,TGGCCTCAGATT_1
K562-MS,TCATTCATGCCA_2
K562-MS,GGATATAGTCTT_2
K562-MS,GTTAAGTCAGCT_1
K562-MS,TGGTCCAATCTG_2
K562-MS,CAGCATTACATC_2
K562-MS,ACTGATCCAGTC_2
K562-MS,GGAGTTAATCTG_1
K562-MS,TAATCGTCGCTA_2
K562-MS,TCGGCACCAGTC_2
K562-MS,TCGGCAATTCAT_1
K562-MS,AGTTCCGGCTCA_2
K562-MS,CAACTACCAGTC_1
K562-MS,GAGCCTATTCAT_2
K562-MS,ACTGCAGGCTCA_1
K562-MS,AGTCAAACCTTA_1
K562-MS,AACGGTAGGTGC_1
K562-MS,GGATATTTAGCC_1
K562-MS,GGATATGGCTCA_2
K562-MS,CACCGGATGCCA_1
K562-MS,GAGTGGTCAGCT_1
K562-MS,CGATAGCAACAT_2
K562-MS,CGGAATGGCTCA_2
K562-MS,ACTGCACAACAT_2
K562-MS,GGATATAGGTGC_1
K562-MS,GAAGCTCAACAT_2
K562-MS,CATTTTTTAGCC_1
K562-MS,TCATTCACCTTA_1
K562-MS,GTGGCCCATGGC_1
K562-MS,GCTCAAATTCAT_2
K562-MS,GGATATACCTTA_2
K562-MS,GTCCGCGGCTCA_1
K562-MS,CGATAGCAGATT_2
K562-MS,CGATAGTCGCTA_1
K562-MS,GTATCTGTCGTG_1
K562-MS,CATTTTTCAGCT_2
K562-MS,CCGCCTCAACAT_2
K562-MS,CAACTAACCTTA_1
K562-MS,GAGTGGCAGATT_2
K562-MS,GGTAGCGGCTCA_2
K562-MS,CATGGCACCTTA_1
K562-MS,CGCAACATGCCA_2
K562-MS,ACCAGAATTCAT_1
K562-MS,TAATCGTCGCTA_1
K562-MS,CCGTCCACCTTA_2
K562-MS,ACCAGATCAGCT_1
K562-MS,GAGTAAGTATGC_2
K562-MS,ACTGATAGTCTT_1
K562-MS,ATGAGCACCTTA_1
K562-MS,AACCAAAGGTGC_1
K562-MS,GCGGTTTTAGCC_2
K562-MS,AACGGTAGTCTT_1
K562-MS,TCATTCCAACAT_2
K562-MS,GACGACTCGCTA_1
K562-MS,TCGAAGCATGGC_1
K562-MS,AGTTCCTTAGCC_1
K562-MS,GTGAAATTAGCC_2
K562-MS,GAGTAATCAGCT_1
K562-MS,GGTAGCGTCGTG_1
K562-MS,ATGAGCAATCTG_1
K562-MS,ACTAAGTCGCTA_1
K562-MS,CCTAGCAGGTGC_1
K562-MS,CACCGGCCAGTC_2
K562-MS,ACTAAGGTCGTG_2
K562-MS,CAACTAACCTTA_2
K562-MS,CCTAGCTACATC_2
K562-MS,GCTCAAACCTTA_2
K562-MS,CTATACAATCTG_2
K562-MS,TATAATTCAGCT_1
K562-MS,GAGCCTAGGTGC_2
K562-MS,GACGACTACATC_2
K562-MS,CAGGCGTACATC_1
K562-MS,CACCGGATTCAT_1
K562-MS,AACCAAATGCCA_1
K562-MS,GTGGCCTACATC_1
K562-MS,GTCATCTCAGCT_1
K562-MS,AACCTCTACATC_2
K562-MS,CGGAATACCTTA_2
K562-MS,CAAAAGCCAGTC_2
K562-MS,ATGAGCTACATC_2
K562-MS,TAATCGACCTTA_2
K562-MS,GTCATCGTCGTG_2
K562-MS,TGGCCTGGCTCA_2
K562-MS,TCGAAGGTCGTG_2
K562-MS,GTAGAGTTAGCC_2
K562-MS,CCGTCCTTAGCC_1
K562-MS,CGCAACCATGGC_1
K562-MS,GTCATCCATGGC_2
K562-MS,GAGTAATACATC_2
K562-MS,AGTTCCTCAGCT_1
K562-MS,GTGGCCGTCGTG_1
K562-MS,TATAATATGCCA_2
K562-MS,GAGTGGGTATGC_2
K562-MS,CAGCATAGTCTT_2
K562-MS,AGAAGAGTATGC_2
K562-MS,AACCTCTCGCTA_1
K562-MS,TCGAAGACCTTA_1
K562-MS,GGAGTTCAACAT_2
K562-MS,TCCCGATACATC_1
K562-MS,AACCAATCGCTA_1
K562-MS,TGGTCCAGGTGC_2
K562-MS,CCTTCACAACAT_1
K562-MS,ACTGATTCGCTA_1
K562-MS,GGTAGCACCTTA_1
K562-MS,AGAAGAGGCTCA_2
K562-MS,TCCCGAGTCGTG_1
K562-MS,CAACTAGTCGTG_2
K562-MS,TATAATAGGTGC_1
K562-MS,TCATTCTACATC_1
K562-MS,CACTCATCAGCT_1
K562-MS,GGAGTTTCAGCT_1
K562-MS,CTCAGATCGCTA_2
K562-MS,GCGGTTGTATGC_2
K562-MS,TTCTGAGTCGTG_2
K562-MS,CATGGCTACATC_1
K562-MS,CGAATACATGGC_2
K562-MS,TCGCGGAGTCTT_2
K562-MS,GAGTAAATTCAT_1
K562-MS,TCGCGGTCAGCT_1
K562-MS,GCTCAATCAGCT_2
K562-MS,GAGCCTCAGATT_2
K562-MS,GTCCGCTTAGCC_1
K562-MS,CAACTAATGCCA_2
K562-MS,CACCGGGGCTCA_1
K562-MS,TAACGTAGTCTT_1
K562-MS,GTTTCGGTCGTG_2
K562-MS,GACTATTCAGCT_2
K562-MS,GTCCGCACCTTA_1
K562-MS,CATTTTAGGTGC_2
K562-MS,GTCATCCAACAT_2
K562-MS,CAGGCGGGCTCA_1
K562-MS,TCGAAGCAACAT_1
K562-MS,GGAGTTATGCCA_1
K562-MS,TTCTGATTAGCC_1
K562-MS,GTATCTCAGATT_1
K562-MS,TTCTGAAGGTGC_1
K562-MS,CACCGGGTCGTG_1
K562-MS,TATAATTCGCTA_1
K562-MS,CACCGGCAACAT_1
K562-MS,TCATTCCCAGTC_1
K562-MS,GAGCCTGGCTCA_1
K562-MS,CGAATAGTATGC_1
K562-MS,TCGGCACAACAT_1
K562-MS,ACTGATACCTTA_1
K562-MS,GTATCTTACATC_1
K562-MS,TGGCCTTCAGCT_2
K562-MS,GTCCGCAGTCTT_2
K562-MS,ATGAGCTACATC_1
K562-MS,ACTGATTACATC_2
K562-MS,TGGTCCAGTCTT_1
K562-MS,GCTCAAGGCTCA_1
K562-MS,GAGCCTAGGTGC_1
K562-MS,GAGTGGGTCGTG_2
K562-MS,GCAGTCATTCAT_1
K562-MS,GTGGCCATTCAT_2
K562-MS,GTGAAAGTCGTG_1
K562-MS,TACAGCCATGGC_2
K562-MS,AACGGTACCTTA_2
K562-MS,CCGTCCGGCTCA_1
K562-MS,AACGGTATGCCA_2
K562-MS,GCAGTCAATCTG_2
K562-MS,GTTAAGAATCTG_1
K562-MS,CCTAGCATTCAT_2
K562-MS,CCGCCTTTAGCC_1
K562-MS,CCAACACCAGTC_2
K562-MS,ATGTCAAATCTG_2
K562-MS,GTTAAGAGGTGC_1
K562-MS,GTAGAGTACATC_1
K562-MS,GAGTGGCCAGTC_1
K562-MS,CGGAGAAGGTGC_1
K562-MS,ATTCCTCAGATT_2
K562-MS,ATGAGCGGCTCA_2
K562-MS,TCGCGGTACATC_2
K562-MS,GTTAAGAGTCTT_1
K562-MS,CGGAATTACATC_1
K562-MS,CAGGCGCAGATT_2
K562-MS,CCTTCATACATC_2
K562-MS,CAAAAGAGTCTT_2
K562-MS,ACTGCATACATC_1
K562-MS,CTATACCCAGTC_2
K562-MS,GCAGTCCAACAT_1
K562-MS,CATTTTAGTCTT_1
K562-MS,TGGCCTTTAGCC_1
K562-MS,CCGCCTTACATC_1
K562-MS,CAGGCGATGCCA_1
K562-MS,CTAGCTACCTTA_2
K562-MS,GTAGAGCAACAT_2
K562-MS,CTCAGAGGCTCA_1
K562-MS,TAACGTGTATGC_1
K562-MS,ACTGCAAATCTG_1
K562-MS,GTGAAAACCTTA_1
K562-MS,GGAGTTGTATGC_1
K562-MS,GTAGAGACCTTA_2
K562-MS,GACTATTACATC_1
K562-MS,GTTAAGTCGCTA_2
K562-MS,CAGGCGGTATGC_2
K562-MS,CGTACGTTAGCC_1
K562-MS,TGGTCCGGCTCA_2
K562-MS,TTCTGAATTCAT_2
K562-MS,GGAGTTCCAGTC_2
K562-MS,CCTAGCACCTTA_1
K562-MS,CATTTTATGCCA_1
K562-MS,CAGCATTTAGCC_2
K562-MS,GTATCTTCAGCT_1
K562-MS,CGTACGTTAGCC_2
K562-MS,CACGATGTCGTG_2
K562-MS,CTCAGAATGCCA_1
K562-MS,GGATATCCAGTC_1
K562-MS,CGCAACCAACAT_1
K562-MS,TGGCCTGGCTCA_1
K562-MS,TCATTCTCGCTA_2
K562-MS,CGGAATGTATGC_2
K562-MS,CACGATGTCGTG_1
K562-MS,TTCTGATACATC_1
K562-MS,GGATATGGCTCA_1
K562-MS,GTGGCCATTCAT_1
K562-MS,CAAAAGTTAGCC_1
K562-MS,ATGAGCAGGTGC_1
K562-MS,TATAATCATGGC_2
K562-MS,AGTTCCCATGGC_2
K562-MS,ATGAGCTCGCTA_2
K562-MS,AGTTCCCATGGC_1
K562-MS,GTAGAGAATCTG_1
K562-MS,CAGGCGCAACAT_1
K562-MS,CGATAGACCTTA_2
K562-MS,CGATAGTCAGCT_2
K562-MS,GCAGTCAGTCTT_1
K562-MS,ACTGCAATTCAT_2
K562-MS,CCGCCTCCAGTC_1
K562-MS,CAACTAAGGTGC_2
K562-MS,CCTTCACAGATT_1
K562-MS,AACGGTAATCTG_1
K562-MS,AGCGGCGTATGC_1
K562-MS,GGATATCAACAT_2
K562-MS,TATAATTACATC_2
K562-MS,AGTCAACATGGC_2
K562-MS,TGGCCTCAACAT_2
K562-MS,GAGTGGAGTCTT_1
K562-MS,TGGTCCATTCAT_1
K562-MS,CGGAATATTCAT_1
K562-MS,CAGCATAGGTGC_1
K562-MS,TCGAAGCCAGTC_1
K562-MS,CCTAGCTCGCTA_1
K562-MS,TCGCGGGTCGTG_2
K562-MS,AACGGTCATGGC_1
K562-MS,TAATCGCAACAT_1
K562-MS,GGTAGCTCGCTA_2
K562-MS,CCTAGCTCGCTA_2
K562-MS,GGATATTTAGCC_2
K562-MS,CAACTACAACAT_2
K562-MS,GTCCGCAGGTGC_1
K562-MS,GAAGCTATGCCA_2
K562-MS,GAGTGGATGCCA_2
K562-MS,CCAACAGTCGTG_1
K562-MS,TCCCGATTAGCC_2
K562-MS,GTTTCGGTATGC_2
K562-MS,ATGAGCATGCCA_1
K562-MS,CATGGCTTAGCC_2
K562-MS,GTAAGATACATC_2
K562-MS,ATTCCTAGGTGC_1
K562-MS,TGGTCCGTATGC_1
K562-MS,GTGGCCTCGCTA_1
K562-MS,GTTAAGCATGGC_2
K562-MS,CACGATCAACAT_1
K562-MS,CGGAGACATGGC_1
K562-MS,CTCAGAGTCGTG_1
K562-MS,ATGTCAGTCGTG_2
K562-MS,CCTAGCGGCTCA_2
K562-MS,TACAGCTCGCTA_2
K562-MS,CACGATATTCAT_1
K562-MS,AGAAGATCGCTA_1
K562-MS,TTACTTTCAGCT_1
K562-MS,CGGAATAGTCTT_1
K562-MS,CGATAGGTATGC_2
K562-MS,TAACGTCAGATT_1
K562-MS,CTATACCATGGC_2
K562-MS,GTATCTTCGCTA_1
K562-MS,CAGCATTACATC_1
K562-MS,CGGAATAGTCTT_2
K562-MS,GACTATTCAGCT_1
K562-MS,CCGTCCGTATGC_1
K562-MS,GTGAAACAGATT_1
K562-MS,GTAAGAAGTCTT_1
K562-MS,ACTGATCATGGC_1
K562-MS,TCGCGGATGCCA_2
K562-MS,CGAATAAGTCTT_1
