,barcode,line
0,AACCAAGCGATC_1,A549-MS
1,AGAAGAGCGATC_1,A549-MS
2,GTCCGCGCGATC_1,A549-MS
3,GTGAAAGCGATC_1,A549-MS
4,GTTTCGGCGATC_1,A549-MS
5,CGTACGGCGATC_1,A549-MS
6,AGTCAAGCGATC_1,A549-MS
7,AGTTCCGCGATC_1,A549-MS
8,CACCGGGCGATC_1,A549-MS
9,CACTCAGCGATC_1,A549-MS
10,CATTTTGCGATC_1,A549-MS
11,CCAACAGCGATC_1,A549-MS
12,CTAGCTGCGATC_1,A549-MS
13,CGAATAGCGATC_1,A549-MS
14,GACTATGCGATC_1,A549-MS
15,GAGTAAGCGATC_1,A549-MS
16,ACCAGAGCGATC_1,A549-MS
17,TACAGCGCGATC_1,A549-MS
18,TCATTCGCGATC_1,A549-MS
19,TCGAAGGCGATC_1,A549-MS
20,GGATATGCGATC_1,A549-MS
22,AACCAATCCTGC_1,A549-MS
23,CAGCATTCCTGC_1,A549-MS
24,GTTTCGTCCTGC_1,A549-MS
25,GAGTGGTCCTGC_1,A549-MS
26,GGTAGCTCCTGC_1,A549-MS
27,TGGCCTTCCTGC_1,A549-MS
28,CCGTCCTCCTGC_1,A549-MS
29,CACTCATCCTGC_1,A549-MS
30,CATGGCTCCTGC_1,A549-MS
31,CGGAATTCCTGC_1,A549-MS
32,ACCAGATCCTGC_1,A549-MS
33,GACGACTCCTGC_1,A549-MS
34,TCGGCATCCTGC_1,A549-MS
35,TCGCGGTCCTGC_1,A549-MS
36,GCAGTCTCCTGC_1,A549-MS
38,TAGTCAAGTGAC_1,A549-MS
39,CCGCCTAGTGAC_1,A549-MS
40,GTAGAGAGTGAC_1,A549-MS
41,GTGAAAAGTGAC_1,A549-MS
42,GGTAGCAGTGAC_1,A549-MS
43,AACCTCAGTGAC_1,A549-MS
44,GCGGTTAGTGAC_1,A549-MS
45,AGTCAAAGTGAC_1,A549-MS
46,CCGTCCAGTGAC_1,A549-MS
47,TGGTCCAGTGAC_1,A549-MS
48,CACTCAAGTGAC_1,A549-MS
49,CCAACAAGTGAC_1,A549-MS
50,GGAGTTAGTGAC_1,A549-MS
51,CGAATAAGTGAC_1,A549-MS
52,CGGAGAAGTGAC_1,A549-MS
53,GACTATAGTGAC_1,A549-MS
54,GAGTAAAGTGAC_1,A549-MS
55,GACGACAGTGAC_1,A549-MS
56,TAATCGAGTGAC_1,A549-MS
57,TCGAAGAGTGAC_1,A549-MS
58,GGATATAGTGAC_1,A549-MS
59,GTAAGAAGTGAC_1,A549-MS
60,TAACGTAGTGAC_1,A549-MS
61,TTACTTAGTGAC_1,A549-MS
62,AACCAAACAGGA_1,A549-MS
63,CGATAGACAGGA_1,A549-MS
64,CAGCATACAGGA_1,A549-MS
65,GTGGCCACAGGA_1,A549-MS
66,TGGCCTACAGGA_1,A549-MS
67,AGTCAAACAGGA_1,A549-MS
68,ATTCCTACAGGA_1,A549-MS
69,CACTCAACAGGA_1,A549-MS
70,CATGGCACAGGA_1,A549-MS
71,CGGAATACAGGA_1,A549-MS
72,CTAGCTACAGGA_1,A549-MS
73,CTATACACAGGA_1,A549-MS
74,CGAATAACAGGA_1,A549-MS
75,GACTATACAGGA_1,A549-MS
76,GAGTAAACAGGA_1,A549-MS
77,GCTCAAACAGGA_1,A549-MS
78,TAACGTACAGGA_1,A549-MS
79,TTACTTACAGGA_1,A549-MS
80,AACCAACCTCAA_1,A549-MS
81,TAGTCACCTCAA_1,A549-MS
82,GGTAGCCCTCAA_1,A549-MS
83,GCGGTTCCTCAA_1,A549-MS
84,ATGTCACCTCAA_1,A549-MS
85,CACGATCCTCAA_1,A549-MS
86,TAATCGCCTCAA_1,A549-MS
87,GTCATCCCTCAA_1,A549-MS
88,AACCAAGTGGTT_1,A549-MS
89,TAGTCAGTGGTT_1,A549-MS
90,ACTGCAGTGGTT_1,A549-MS
91,CAGCATGTGGTT_1,A549-MS
92,GTAGAGGTGGTT_1,A549-MS
93,GTCCGCGTGGTT_1,A549-MS
94,AGTCAAGTGGTT_1,A549-MS
95,AGTTCCGTGGTT_1,A549-MS
96,CCGTCCGTGGTT_1,A549-MS
97,ACTGATGTGGTT_1,A549-MS
98,ATTCCTGTGGTT_1,A549-MS
99,CAAAAGGTGGTT_1,A549-MS
100,CAACTAGTGGTT_1,A549-MS
101,CACTCAGTGGTT_1,A549-MS
102,AACGGTGTGGTT_1,A549-MS
103,CCAACAGTGGTT_1,A549-MS
104,CGGAATGTGGTT_1,A549-MS
105,CTAGCTGTGGTT_1,A549-MS
106,CCTTCAGTGGTT_1,A549-MS
107,CGGAGAGTGGTT_1,A549-MS
108,ACTAAGGTGGTT_1,A549-MS
109,GAAGCTGTGGTT_1,A549-MS
110,ACCAGAGTGGTT_1,A549-MS
111,TACAGCGTGGTT_1,A549-MS
112,TCCCGAGTGGTT_1,A549-MS
113,TCGGCAGTGGTT_1,A549-MS
114,GCAGTCGTGGTT_1,A549-MS
115,GTAAGAGTGGTT_1,A549-MS
116,AACCAAACTAGT_1,A549-MS
117,AGAAGAACTAGT_1,A549-MS
118,GAGCCTACTAGT_1,A549-MS
119,TTCTGAACTAGT_1,A549-MS
120,GTAGAGACTAGT_1,A549-MS
121,GTTTCGACTAGT_1,A549-MS
122,GAGTGGACTAGT_1,A549-MS
123,CGCAACACTAGT_1,A549-MS
124,ATGAGCACTAGT_1,A549-MS
125,ATTCCTACTAGT_1,A549-MS
126,CACTCAACTAGT_1,A549-MS
127,CGGAGAACTAGT_1,A549-MS
128,ACTAAGACTAGT_1,A549-MS
129,GACTATACTAGT_1,A549-MS
130,TCGCGGACTAGT_1,A549-MS
131,GCTCAAACTAGT_1,A549-MS
132,GTAAGAACTAGT_1,A549-MS
133,GTCATCACTAGT_1,A549-MS
134,TAACGTACTAGT_1,A549-MS
135,TTACTTACTAGT_1,A549-MS
136,AGCGGCACTAGT_1,A549-MS
137,AACCAATCCATT_1,A549-MS
138,TAGTCATCCATT_1,A549-MS
139,CAGCATTCCATT_1,A549-MS
140,CCGCCTTCCATT_1,A549-MS
141,GTGAAATCCATT_1,A549-MS
142,TGGCCTTCCATT_1,A549-MS
143,AGTCAATCCATT_1,A549-MS
144,AGTTCCTCCATT_1,A549-MS
145,CCGTCCTCCATT_1,A549-MS
146,ACTGATTCCATT_1,A549-MS
147,ATTCCTTCCATT_1,A549-MS
148,AACGGTTCCATT_1,A549-MS
149,CAGGCGTCCATT_1,A549-MS
150,CATGGCTCCATT_1,A549-MS
151,GGAGTTTCCATT_1,A549-MS
152,CCTTCATCCATT_1,A549-MS
153,CGAATATCCATT_1,A549-MS
154,GACTATTCCATT_1,A549-MS
155,TCCCGATCCATT_1,A549-MS
156,TCGCGGTCCATT_1,A549-MS
157,GCTCAATCCATT_1,A549-MS
158,GGATATTCCATT_1,A549-MS
159,GTATCTTCCATT_1,A549-MS
160,GTCATCTCCATT_1,A549-MS
161,TAACGTTCCATT_1,A549-MS
162,GTAGAGTGTGTC_1,A549-MS
163,GAGTGGTGTGTC_1,A549-MS
164,TGGCCTTGTGTC_1,A549-MS
165,AGTCAATGTGTC_1,A549-MS
166,ATGAGCTGTGTC_1,A549-MS
167,CAAAAGTGTGTC_1,A549-MS
168,AACGGTTGTGTC_1,A549-MS
169,CAGGCGTGTGTC_1,A549-MS
170,CGAATATGTGTC_1,A549-MS
171,CGGAGATGTGTC_1,A549-MS
172,ACTAAGTGTGTC_1,A549-MS
173,GAGTAATGTGTC_1,A549-MS
174,TACAGCTGTGTC_1,A549-MS
175,TCCCGATGTGTC_1,A549-MS
176,TCGGCATGTGTC_1,A549-MS
177,TCGCGGTGTGTC_1,A549-MS
178,GCTCAATGTGTC_1,A549-MS
179,GGATATTGTGTC_1,A549-MS
180,GTAAGATGTGTC_1,A549-MS
181,GTCATCTGTGTC_1,A549-MS
182,CCGCCTCGAAGT_1,HELA-MS
183,GAGTGGCGAAGT_1,HELA-MS
184,AACCTCCGAAGT_1,HELA-MS
185,CGCAACCGAAGT_1,HELA-MS
186,TGGCCTCGAAGT_1,HELA-MS
187,AGTTCCCGAAGT_1,HELA-MS
188,ATGTCACGAAGT_1,HELA-MS
189,CCGTCCCGAAGT_1,HELA-MS
190,ACTGATCGAAGT_1,HELA-MS
191,ATTCCTCGAAGT_1,HELA-MS
192,CACGATCGAAGT_1,HELA-MS
193,CAGGCGCGAAGT_1,HELA-MS
194,CTATACCGAAGT_1,HELA-MS
195,CTCAGACGAAGT_1,HELA-MS
196,GGAGTTCGAAGT_1,HELA-MS
197,CCTTCACGAAGT_1,HELA-MS
198,CGGAGACGAAGT_1,HELA-MS
199,GACTATCGAAGT_1,HELA-MS
200,TACAGCCGAAGT_1,HELA-MS
201,TATAATCGAAGT_1,HELA-MS
202,TCGAAGCGAAGT_1,HELA-MS
203,GCTCAACGAAGT_1,HELA-MS
204,GGATATCGAAGT_1,HELA-MS
205,TAACGTCGAAGT_1,HELA-MS
206,TTACTTCGAAGT_1,HELA-MS
207,TTCTGAAACGCT_1,HELA-MS
208,GTAGAGAACGCT_1,HELA-MS
209,GTCCGCAACGCT_1,HELA-MS
210,GTGAAAAACGCT_1,HELA-MS
211,GAGTGGAACGCT_1,HELA-MS
212,CCTAGCAACGCT_1,HELA-MS
213,CGCAACAACGCT_1,HELA-MS
214,TGGCCTAACGCT_1,HELA-MS
215,AGTCAAAACGCT_1,HELA-MS
216,AGTTCCAACGCT_1,HELA-MS
217,ACTGATAACGCT_1,HELA-MS
218,ATGAGCAACGCT_1,HELA-MS
219,CGGAATAACGCT_1,HELA-MS
220,CTAGCTAACGCT_1,HELA-MS
221,CGAATAAACGCT_1,HELA-MS
222,GACTATAACGCT_1,HELA-MS
223,GACGACAACGCT_1,HELA-MS
224,TATAATAACGCT_1,HELA-MS
225,GCTCAAAACGCT_1,HELA-MS
226,GTAAGAAACGCT_1,HELA-MS
227,TAACGTAACGCT_1,HELA-MS
228,AGCGGCAACGCT_1,HELA-MS
229,CAGCATTGGTAT_1,HELA-MS
230,GTAGAGTGGTAT_1,HELA-MS
231,GTCCGCTGGTAT_1,HELA-MS
232,GTGGCCTGGTAT_1,HELA-MS
233,TGGTCCTGGTAT_1,HELA-MS
234,ATTCCTTGGTAT_1,HELA-MS
235,CAAAAGTGGTAT_1,HELA-MS
236,CACCGGTGGTAT_1,HELA-MS
237,CACTCATGGTAT_1,HELA-MS
238,CATTTTTGGTAT_1,HELA-MS
239,CCAACATGGTAT_1,HELA-MS
240,CTCAGATGGTAT_1,HELA-MS
241,ACTAAGTGGTAT_1,HELA-MS
242,TCGCGGTGGTAT_1,HELA-MS
243,GGATATTGGTAT_1,HELA-MS
244,GTATCTTGGTAT_1,HELA-MS
245,AACCAAGAACTG_1,HELA-MS
246,AGAAGAGAACTG_1,HELA-MS
247,TAGTCAGAACTG_1,HELA-MS
248,CCGCCTGAACTG_1,HELA-MS
249,TTCTGAGAACTG_1,HELA-MS
250,GTTTCGGAACTG_1,HELA-MS
251,GGTAGCGAACTG_1,HELA-MS
252,TGGCCTGAACTG_1,HELA-MS
253,GCGGTTGAACTG_1,HELA-MS
254,ATGTCAGAACTG_1,HELA-MS
255,CCGTCCGAACTG_1,HELA-MS
256,ACTGATGAACTG_1,HELA-MS
257,CACCGGGAACTG_1,HELA-MS
258,CACTCAGAACTG_1,HELA-MS
259,CATTTTGAACTG_1,HELA-MS
260,GGAGTTGAACTG_1,HELA-MS
261,CCTTCAGAACTG_1,HELA-MS
262,GACTATGAACTG_1,HELA-MS
263,GAGTAAGAACTG_1,HELA-MS
264,ACCAGAGAACTG_1,HELA-MS
265,GACGACGAACTG_1,HELA-MS
266,TACAGCGAACTG_1,HELA-MS
267,TATAATGAACTG_1,HELA-MS
268,TCATTCGAACTG_1,HELA-MS
269,TCCCGAGAACTG_1,HELA-MS
270,TCGAAGGAACTG_1,HELA-MS
272,GTAAGAGAACTG_1,HELA-MS
273,AGCGGCGAACTG_1,HELA-MS
274,CAGCATACTTCG_1,HELA-MS
276,GTCCGCACTTCG_1,HELA-MS
277,GTGAAAACTTCG_1,HELA-MS
278,GTGGCCACTTCG_1,HELA-MS
279,CGCAACACTTCG_1,HELA-MS
280,TGGCCTACTTCG_1,HELA-MS
281,CACCGGACTTCG_1,HELA-MS
282,CACTCAACTTCG_1,HELA-MS
283,AACGGTACTTCG_1,HELA-MS
284,CATTTTACTTCG_1,HELA-MS
285,CCAACAACTTCG_1,HELA-MS
286,CGGAATACTTCG_1,HELA-MS
287,CTAGCTACTTCG_1,HELA-MS
288,CTATACACTTCG_1,HELA-MS
289,GAAGCTACTTCG_1,HELA-MS
290,GACTATACTTCG_1,HELA-MS
291,ACCAGAACTTCG_1,HELA-MS
292,TCCCGAACTTCG_1,HELA-MS
293,TCGGCAACTTCG_1,HELA-MS
295,TAACGTACTTCG_1,HELA-MS
296,CGATAGCTCACG_1,HELA-MS
297,CAGCATCTCACG_1,HELA-MS
298,GTAGAGCTCACG_1,HELA-MS
299,AACCTCCTCACG_1,HELA-MS
300,ATTCCTCTCACG_1,HELA-MS
301,CAAAAGCTCACG_1,HELA-MS
302,CACGATCTCACG_1,HELA-MS
303,CACTCACTCACG_1,HELA-MS
304,CATGGCCTCACG_1,HELA-MS
305,CGGAATCTCACG_1,HELA-MS
306,GGAGTTCTCACG_1,HELA-MS
307,CGAATACTCACG_1,HELA-MS
308,CGGAGACTCACG_1,HELA-MS
309,GAGTAACTCACG_1,HELA-MS
310,ACCAGACTCACG_1,HELA-MS
311,GTCATCCTCACG_1,HELA-MS
312,TTACTTCTCACG_1,HELA-MS
313,TTCTGACAGGAG_1,HELA-MS
314,GTCCGCCAGGAG_1,HELA-MS
315,GTTTCGCAGGAG_1,HELA-MS
316,GAGTGGCAGGAG_1,HELA-MS
317,CCTAGCCAGGAG_1,HELA-MS
318,GCGGTTCAGGAG_1,HELA-MS
319,ATGTCACAGGAG_1,HELA-MS
320,CCGTCCCAGGAG_1,HELA-MS
321,ATTCCTCAGGAG_1,HELA-MS
322,CATTTTCAGGAG_1,HELA-MS
323,CCAACACAGGAG_1,HELA-MS
324,CTATACCAGGAG_1,HELA-MS
325,GGAGTTCAGGAG_1,HELA-MS
326,CGGAGACAGGAG_1,HELA-MS
327,GACTATCAGGAG_1,HELA-MS
328,GAGTAACAGGAG_1,HELA-MS
329,GACGACCAGGAG_1,HELA-MS
330,TCATTCCAGGAG_1,HELA-MS
331,TAACGTCAGGAG_1,HELA-MS
332,GAGCCTAAGTTC_1,HELA-MS
333,CCGCCTAAGTTC_1,HELA-MS
334,GTGGCCAAGTTC_1,HELA-MS
335,GAGTGGAAGTTC_1,HELA-MS
336,CCTAGCAAGTTC_1,HELA-MS
337,AGTCAAAAGTTC_1,HELA-MS
338,AGTTCCAAGTTC_1,HELA-MS
339,TGGTCCAAGTTC_1,HELA-MS
340,CAACTAAAGTTC_1,HELA-MS
341,AACGGTAAGTTC_1,HELA-MS
342,CCAACAAAGTTC_1,HELA-MS
343,CTAGCTAAGTTC_1,HELA-MS
344,CTCAGAAAGTTC_1,HELA-MS
345,CCTTCAAAGTTC_1,HELA-MS
346,ACTAAGAAGTTC_1,HELA-MS
347,GAAGCTAAGTTC_1,HELA-MS
348,ACCAGAAAGTTC_1,HELA-MS
349,TAATCGAAGTTC_1,HELA-MS
350,TCGGCAAAGTTC_1,HELA-MS
351,GGATATAAGTTC_1,HELA-MS
352,GTATCTAAGTTC_1,HELA-MS
353,AGCGGCAAGTTC_1,HELA-MS
354,TTCTGACAATCC_1,HELA-MS
355,GTAGAGCAATCC_1,HELA-MS
356,CCTAGCCAATCC_1,HELA-MS
357,AGTTCCCAATCC_1,HELA-MS
358,ACTGATCAATCC_1,HELA-MS
359,CAAAAGCAATCC_1,HELA-MS
360,CACTCACAATCC_1,HELA-MS
361,CTAGCTCAATCC_1,HELA-MS
362,CTATACCAATCC_1,HELA-MS
363,CGGAGACAATCC_1,HELA-MS
364,TACAGCCAATCC_1,HELA-MS
365,TCATTCCAATCC_1,HELA-MS
366,TCCCGACAATCC_1,HELA-MS
367,TCGGCACAATCC_1,HELA-MS
368,TCGCGGCAATCC_1,HELA-MS
369,GGATATCAATCC_1,HELA-MS
370,CAGCATCCAGTC_1,K562-MS
371,CCGCCTCCAGTC_1,K562-MS
372,GTGGCCCCAGTC_1,K562-MS
373,CGTACGCCAGTC_1,K562-MS
374,GAGTGGCCAGTC_1,K562-MS
375,TGGCCTCCAGTC_1,K562-MS
376,AGTCAACCAGTC_1,K562-MS
377,ATTCCTCCAGTC_1,K562-MS
378,CAACTACCAGTC_1,K562-MS
379,CTCAGACCAGTC_1,K562-MS
380,GGAGTTCCAGTC_1,K562-MS
381,ACTAAGCCAGTC_1,K562-MS
382,TCATTCCCAGTC_1,K562-MS
383,TCGAAGCCAGTC_1,K562-MS
384,GGATATCCAGTC_1,K562-MS
385,TAACGTCCAGTC_1,K562-MS
386,AGCGGCCCAGTC_1,K562-MS
387,CCGCCTGTATGC_1,K562-MS
388,TTCTGAGTATGC_1,K562-MS
389,GGTAGCGTATGC_1,K562-MS
390,CCGTCCGTATGC_1,K562-MS
391,TGGTCCGTATGC_1,K562-MS
392,ATGAGCGTATGC_1,K562-MS
393,ATTCCTGTATGC_1,K562-MS
394,CAACTAGTATGC_1,K562-MS
395,CATTTTGTATGC_1,K562-MS
396,CTAGCTGTATGC_1,K562-MS
397,GGAGTTGTATGC_1,K562-MS
398,CGAATAGTATGC_1,K562-MS
399,GAAGCTGTATGC_1,K562-MS
400,GAGTAAGTATGC_1,K562-MS
401,TCGCGGGTATGC_1,K562-MS
402,TAACGTGTATGC_1,K562-MS
403,TTACTTGTATGC_1,K562-MS
404,AGCGGCGTATGC_1,K562-MS
428,GAGCCTGGCTCA_1,K562-MS
429,ACTGCAGGCTCA_1,K562-MS
430,GTAGAGGGCTCA_1,K562-MS
431,GTCCGCGGCTCA_1,K562-MS
432,GTTTCGGGCTCA_1,K562-MS
433,TGGCCTGGCTCA_1,K562-MS
434,CCGTCCGGCTCA_1,K562-MS
435,TGGTCCGGCTCA_1,K562-MS
436,CACCGGGGCTCA_1,K562-MS
437,CAGGCGGGCTCA_1,K562-MS
438,CTAGCTGGCTCA_1,K562-MS
439,CTATACGGCTCA_1,K562-MS
440,CTCAGAGGCTCA_1,K562-MS
441,CCTTCAGGCTCA_1,K562-MS
442,ACTAAGGGCTCA_1,K562-MS
443,TCGCGGGGCTCA_1,K562-MS
444,GCTCAAGGCTCA_1,K562-MS
445,GGATATGGCTCA_1,K562-MS
446,AACCAAATGCCA_1,K562-MS
447,CAGCATATGCCA_1,K562-MS
448,AACCTCATGCCA_1,K562-MS
449,GCGGTTATGCCA_1,K562-MS
450,AGTCAAATGCCA_1,K562-MS
451,ATGAGCATGCCA_1,K562-MS
452,CACCGGATGCCA_1,K562-MS
453,AACGGTATGCCA_1,K562-MS
454,CAGGCGATGCCA_1,K562-MS
455,CATTTTATGCCA_1,K562-MS
456,CCAACAATGCCA_1,K562-MS
457,CTCAGAATGCCA_1,K562-MS
458,GGAGTTATGCCA_1,K562-MS
459,ACCAGAATGCCA_1,K562-MS
460,TTACTTATGCCA_1,K562-MS
461,CGATAGCAGATT_1,K562-MS
462,CCGCCTCAGATT_1,K562-MS
463,GTCCGCCAGATT_1,K562-MS
464,GTGAAACAGATT_1,K562-MS
465,CGTACGCAGATT_1,K562-MS
466,GAGTGGCAGATT_1,K562-MS
467,TGGCCTCAGATT_1,K562-MS
468,CCGTCCCAGATT_1,K562-MS
469,CATGGCCAGATT_1,K562-MS
470,CATTTTCAGATT_1,K562-MS
471,CGGAATCAGATT_1,K562-MS
472,CTAGCTCAGATT_1,K562-MS
473,CCTTCACAGATT_1,K562-MS
474,ACTAAGCAGATT_1,K562-MS
475,ACCAGACAGATT_1,K562-MS
476,TACAGCCAGATT_1,K562-MS
477,GTAAGACAGATT_1,K562-MS
478,GTATCTCAGATT_1,K562-MS
479,GTCATCCAGATT_1,K562-MS
480,TAACGTCAGATT_1,K562-MS
481,AGCGGCCAGATT_1,K562-MS
482,TTCTGAAGTCTT_1,K562-MS
483,CGTACGAGTCTT_1,K562-MS
484,GAGTGGAGTCTT_1,K562-MS
485,CCTAGCAGTCTT_1,K562-MS
486,ATGTCAAGTCTT_1,K562-MS
487,CCGTCCAGTCTT_1,K562-MS
488,TGGTCCAGTCTT_1,K562-MS
489,ACTGATAGTCTT_1,K562-MS
490,AACGGTAGTCTT_1,K562-MS
491,CATTTTAGTCTT_1,K562-MS
492,CGGAATAGTCTT_1,K562-MS
493,GTTAAGAGTCTT_1,K562-MS
494,CCTTCAAGTCTT_1,K562-MS
495,CGAATAAGTCTT_1,K562-MS
496,GACTATAGTCTT_1,K562-MS
497,TACAGCAGTCTT_1,K562-MS
498,GCAGTCAGTCTT_1,K562-MS
499,GTAAGAAGTCTT_1,K562-MS
500,TAACGTAGTCTT_1,K562-MS
501,GAGCCTTCAGCT_1,K562-MS
502,ACTGCATCAGCT_1,K562-MS
503,GTGGCCTCAGCT_1,K562-MS
504,GAGTGGTCAGCT_1,K562-MS
505,AGTTCCTCAGCT_1,K562-MS
506,CCGTCCTCAGCT_1,K562-MS
507,ATGAGCTCAGCT_1,K562-MS
508,CACTCATCAGCT_1,K562-MS
509,CAGGCGTCAGCT_1,K562-MS
510,CATTTTTCAGCT_1,K562-MS
511,CCAACATCAGCT_1,K562-MS
512,GTTAAGTCAGCT_1,K562-MS
513,GGAGTTTCAGCT_1,K562-MS
514,GACTATTCAGCT_1,K562-MS
515,GAGTAATCAGCT_1,K562-MS
516,ACCAGATCAGCT_1,K562-MS
517,TACAGCTCAGCT_1,K562-MS
518,TATAATTCAGCT_1,K562-MS
519,TCATTCTCAGCT_1,K562-MS
520,TCGCGGTCAGCT_1,K562-MS
521,GTATCTTCAGCT_1,K562-MS
522,GTCATCTCAGCT_1,K562-MS
523,TTACTTTCAGCT_1,K562-MS
524,TAGTCAACCTTA_1,K562-MS
525,ACTGCAACCTTA_1,K562-MS
526,GTCCGCACCTTA_1,K562-MS
527,GTGAAAACCTTA_1,K562-MS
528,GTTTCGACCTTA_1,K562-MS
529,GGTAGCACCTTA_1,K562-MS
530,AACCTCACCTTA_1,K562-MS
531,CCTAGCACCTTA_1,K562-MS
532,AGTCAAACCTTA_1,K562-MS
533,ATGTCAACCTTA_1,K562-MS
534,TGGTCCACCTTA_1,K562-MS
535,ACTGATACCTTA_1,K562-MS
536,ATGAGCACCTTA_1,K562-MS
537,ATTCCTACCTTA_1,K562-MS
538,CAAAAGACCTTA_1,K562-MS
539,CAACTAACCTTA_1,K562-MS
540,CATGGCACCTTA_1,K562-MS
541,CGGAATACCTTA_1,K562-MS
542,CCTTCAACCTTA_1,K562-MS
543,TCATTCACCTTA_1,K562-MS
544,TCGAAGACCTTA_1,K562-MS
545,GCAGTCACCTTA_1,K562-MS
546,GTGAAAGTCTAT_1,293T-MS
547,GTGGCCGTCTAT_1,293T-MS
548,GTTTCGGTCTAT_1,293T-MS
549,CGTACGGTCTAT_1,293T-MS
550,CCTAGCGTCTAT_1,293T-MS
551,ATGAGCGTCTAT_1,293T-MS
552,ATTCCTGTCTAT_1,293T-MS
553,CAAAAGGTCTAT_1,293T-MS
554,CAACTAGTCTAT_1,293T-MS
555,CATTTTGTCTAT_1,293T-MS
556,CCAACAGTCTAT_1,293T-MS
557,CTAGCTGTCTAT_1,293T-MS
558,CTATACGTCTAT_1,293T-MS
559,TCGGCAGTCTAT_1,293T-MS
560,GCAGTCGTCTAT_1,293T-MS
561,GTATCTGTCTAT_1,293T-MS
562,CGATAGATGTGG_1,293T-MS
563,TTCTGAATGTGG_1,293T-MS
564,GTAGAGATGTGG_1,293T-MS
565,GTGGCCATGTGG_1,293T-MS
566,CGTACGATGTGG_1,293T-MS
567,AACCTCATGTGG_1,293T-MS
568,ACTGATATGTGG_1,293T-MS
569,AACGGTATGTGG_1,293T-MS
570,CATGGCATGTGG_1,293T-MS
571,CATTTTATGTGG_1,293T-MS
572,CCAACAATGTGG_1,293T-MS
573,CTCAGAATGTGG_1,293T-MS
574,GTTAAGATGTGG_1,293T-MS
575,CCTTCAATGTGG_1,293T-MS
576,CGAATAATGTGG_1,293T-MS
577,TATAATATGTGG_1,293T-MS
578,GCAGTCATGTGG_1,293T-MS
579,GCTCAAATGTGG_1,293T-MS
580,GTAAGAATGTGG_1,293T-MS
581,GTATCTATGTGG_1,293T-MS
582,AGCGGCATGTGG_1,293T-MS
583,GAGCCTTACTCG_1,293T-MS
584,CAGCATTACTCG_1,293T-MS
585,CCGCCTTACTCG_1,293T-MS
586,GTCCGCTACTCG_1,293T-MS
587,GTGAAATACTCG_1,293T-MS
588,GTGGCCTACTCG_1,293T-MS
589,GAGTGGTACTCG_1,293T-MS
590,AACCTCTACTCG_1,293T-MS
591,TGGCCTTACTCG_1,293T-MS
592,GCGGTTTACTCG_1,293T-MS
593,CCGTCCTACTCG_1,293T-MS
594,TGGTCCTACTCG_1,293T-MS
595,CAAAAGTACTCG_1,293T-MS
596,CAACTATACTCG_1,293T-MS
597,CACCGGTACTCG_1,293T-MS
598,AACGGTTACTCG_1,293T-MS
599,CATGGCTACTCG_1,293T-MS
600,CGGAATTACTCG_1,293T-MS
601,GTTAAGTACTCG_1,293T-MS
602,GACTATTACTCG_1,293T-MS
603,TATAATTACTCG_1,293T-MS
604,TCCCGATACTCG_1,293T-MS
605,GTAAGATACTCG_1,293T-MS
606,GAGCCTCGTTAG_1,293T-MS
607,ACTGCACGTTAG_1,293T-MS
608,GTCCGCCGTTAG_1,293T-MS
609,GAGTGGCGTTAG_1,293T-MS
610,GGTAGCCGTTAG_1,293T-MS
611,CCTAGCCGTTAG_1,293T-MS
612,AGTTCCCGTTAG_1,293T-MS
613,CACCGGCGTTAG_1,293T-MS
614,CACTCACGTTAG_1,293T-MS
615,CAGGCGCGTTAG_1,293T-MS
616,CATGGCCGTTAG_1,293T-MS
617,CTAGCTCGTTAG_1,293T-MS
618,CTATACCGTTAG_1,293T-MS
619,CTCAGACGTTAG_1,293T-MS
620,ACTAAGCGTTAG_1,293T-MS
621,GAAGCTCGTTAG_1,293T-MS
622,GACTATCGTTAG_1,293T-MS
623,TAATCGCGTTAG_1,293T-MS
624,TATAATCGTTAG_1,293T-MS
625,TCATTCCGTTAG_1,293T-MS
626,TCCCGACGTTAG_1,293T-MS
627,TCGCGGCGTTAG_1,293T-MS
628,GCAGTCCGTTAG_1,293T-MS
629,GTAAGACGTTAG_1,293T-MS
630,AGAAGAACCGAG_1,293T-MS
631,ACTGCAACCGAG_1,293T-MS
632,CGTACGACCGAG_1,293T-MS
633,GGTAGCACCGAG_1,293T-MS
634,CGCAACACCGAG_1,293T-MS
635,CACCGGACCGAG_1,293T-MS
636,CATGGCACCGAG_1,293T-MS
637,CCAACAACCGAG_1,293T-MS
638,CTCAGAACCGAG_1,293T-MS
639,GGAGTTACCGAG_1,293T-MS
640,CGAATAACCGAG_1,293T-MS
641,GAAGCTACCGAG_1,293T-MS
642,GAGTAAACCGAG_1,293T-MS
643,GTAAGAACCGAG_1,293T-MS
644,CGATAGGTTCTC_1,293T-MS
645,GAGCCTGTTCTC_1,293T-MS
646,TAGTCAGTTCTC_1,293T-MS
647,ACTGCAGTTCTC_1,293T-MS
648,CCGCCTGTTCTC_1,293T-MS
649,GTGGCCGTTCTC_1,293T-MS
650,CGTACGGTTCTC_1,293T-MS
651,GGTAGCGTTCTC_1,293T-MS
652,AACCTCGTTCTC_1,293T-MS
653,AGTCAAGTTCTC_1,293T-MS
654,ATGTCAGTTCTC_1,293T-MS
655,ATGAGCGTTCTC_1,293T-MS
656,CACCGGGTTCTC_1,293T-MS
657,CACGATGTTCTC_1,293T-MS
658,AACGGTGTTCTC_1,293T-MS
659,CGGAATGTTCTC_1,293T-MS
660,CTATACGTTCTC_1,293T-MS
661,CGAATAGTTCTC_1,293T-MS
662,ACTAAGGTTCTC_1,293T-MS
663,GAGTAAGTTCTC_1,293T-MS
664,TCGCGGGTTCTC_1,293T-MS
665,GCAGTCGTTCTC_1,293T-MS
666,TTACTTGTTCTC_1,293T-MS
667,AGCGGCGTTCTC_1,293T-MS
668,AGAAGATCGCAC_1,293T-MS
669,GAGCCTTCGCAC_1,293T-MS
670,ACTGCATCGCAC_1,293T-MS
671,TTCTGATCGCAC_1,293T-MS
672,GTAGAGTCGCAC_1,293T-MS
673,GTCCGCTCGCAC_1,293T-MS
674,AACCTCTCGCAC_1,293T-MS
675,TGGCCTTCGCAC_1,293T-MS
676,GCGGTTTCGCAC_1,293T-MS
677,CAAAAGTCGCAC_1,293T-MS
678,CAACTATCGCAC_1,293T-MS
679,AACGGTTCGCAC_1,293T-MS
680,CCAACATCGCAC_1,293T-MS
681,CTAGCTTCGCAC_1,293T-MS
682,CCTTCATCGCAC_1,293T-MS
683,CGGAGATCGCAC_1,293T-MS
684,GAAGCTTCGCAC_1,293T-MS
685,TAATCGTCGCAC_1,293T-MS
686,TCATTCTCGCAC_1,293T-MS
687,GCTCAATCGCAC_1,293T-MS
688,GTCATCTCGCAC_1,293T-MS
689,CGATAGTGCGTA_1,293T-MS
690,AGAAGATGCGTA_1,293T-MS
691,TAGTCATGCGTA_1,293T-MS
692,GTAGAGTGCGTA_1,293T-MS
693,GTTTCGTGCGTA_1,293T-MS
694,AACCTCTGCGTA_1,293T-MS
695,CCTAGCTGCGTA_1,293T-MS
696,AGTTCCTGCGTA_1,293T-MS
697,ATGAGCTGCGTA_1,293T-MS
698,CACTCATGCGTA_1,293T-MS
699,CAGGCGTGCGTA_1,293T-MS
700,CCAACATGCGTA_1,293T-MS
701,CTCAGATGCGTA_1,293T-MS
702,GGAGTTTGCGTA_1,293T-MS
703,CGGAGATGCGTA_1,293T-MS
704,ACCAGATGCGTA_1,293T-MS
705,GACGACTGCGTA_1,293T-MS
706,TAATCGTGCGTA_1,293T-MS
707,TACAGCTGCGTA_1,293T-MS
708,TCGGCATGCGTA_1,293T-MS
709,GGATATTGCGTA_1,293T-MS
710,GTAAGATGCGTA_1,293T-MS
711,GTATCTTGCGTA_1,293T-MS
712,TTACTTTGCGTA_1,293T-MS
713,AACCAACCTGTT_1,293T-MS
714,CGATAGCCTGTT_1,293T-MS
715,TTCTGACCTGTT_1,293T-MS
716,GTGGCCCCTGTT_1,293T-MS
717,GTTTCGCCTGTT_1,293T-MS
718,CGCAACCCTGTT_1,293T-MS
719,AGTCAACCTGTT_1,293T-MS
720,CCGTCCCCTGTT_1,293T-MS
721,CAAAAGCCTGTT_1,293T-MS
722,CAACTACCTGTT_1,293T-MS
723,CACTCACCTGTT_1,293T-MS
724,AACGGTCCTGTT_1,293T-MS
725,CCAACACCTGTT_1,293T-MS
726,CGGAATCCTGTT_1,293T-MS
727,GTTAAGCCTGTT_1,293T-MS
728,GAGTAACCTGTT_1,293T-MS
729,ACCAGACCTGTT_1,293T-MS
730,TCATTCCCTGTT_1,293T-MS
731,TCGAAGCCTGTT_1,293T-MS
732,TCGCGGCCTGTT_1,293T-MS
733,GTCATCCCTGTT_1,293T-MS
734,TAACGTCCTGTT_1,293T-MS
735,AGCGGCCCTGTT_1,293T-MS
736,AACCAACTACGA_1,A549-MS
737,CGATAGCTACGA_1,A549-MS
738,GAGCCTCTACGA_1,A549-MS
739,TAGTCACTACGA_1,A549-MS
740,CCGCCTCTACGA_1,A549-MS
741,TTCTGACTACGA_1,A549-MS
742,GTGAAACTACGA_1,A549-MS
743,GCGGTTCTACGA_1,A549-MS
744,AGTCAACTACGA_1,A549-MS
745,ATGTCACTACGA_1,A549-MS
746,CCGTCCCTACGA_1,A549-MS
747,CAAAAGCTACGA_1,A549-MS
748,CAGGCGCTACGA_1,A549-MS
749,CGAATACTACGA_1,A549-MS
750,CGGAGACTACGA_1,A549-MS
751,GACTATCTACGA_1,A549-MS
752,TATAATCTACGA_1,A549-MS
753,TCGCGGCTACGA_1,A549-MS
754,GCAGTCCTACGA_1,A549-MS
755,GGATATCTACGA_1,A549-MS
756,AACCAATGACTC_1,A549-MS
757,AGAAGATGACTC_1,A549-MS
758,CAGCATTGACTC_1,A549-MS
759,CCGCCTTGACTC_1,A549-MS
760,GTGAAATGACTC_1,A549-MS
761,GTGGCCTGACTC_1,A549-MS
762,GTTTCGTGACTC_1,A549-MS
763,CGTACGTGACTC_1,A549-MS
764,TGGCCTTGACTC_1,A549-MS
765,ATGAGCTGACTC_1,A549-MS
766,CACCGGTGACTC_1,A549-MS
767,CAGGCGTGACTC_1,A549-MS
768,CTCAGATGACTC_1,A549-MS
769,GTTAAGTGACTC_1,A549-MS
770,CGGAGATGACTC_1,A549-MS
771,GAGTAATGACTC_1,A549-MS
772,ACCAGATGACTC_1,A549-MS
773,TATAATTGACTC_1,A549-MS
774,TCGGCATGACTC_1,A549-MS
775,GCAGTCTGACTC_1,A549-MS
776,GAGCCTAGAACA_1,A549-MS
777,CAGCATAGAACA_1,A549-MS
778,CCGCCTAGAACA_1,A549-MS
779,GTAGAGAGAACA_1,A549-MS
780,CGTACGAGAACA_1,A549-MS
781,GAGTGGAGAACA_1,A549-MS
782,GGTAGCAGAACA_1,A549-MS
783,AACCTCAGAACA_1,A549-MS
784,TGGCCTAGAACA_1,A549-MS
785,GCGGTTAGAACA_1,A549-MS
786,AGTCAAAGAACA_1,A549-MS
787,AGTTCCAGAACA_1,A549-MS
788,TGGTCCAGAACA_1,A549-MS
789,ACTGATAGAACA_1,A549-MS
790,ATTCCTAGAACA_1,A549-MS
791,CAGGCGAGAACA_1,A549-MS
792,CATGGCAGAACA_1,A549-MS
793,CGGAATAGAACA_1,A549-MS
794,CTAGCTAGAACA_1,A549-MS
795,CTATACAGAACA_1,A549-MS
796,GTTAAGAGAACA_1,A549-MS
797,CGAATAAGAACA_1,A549-MS
798,CGGAGAAGAACA_1,A549-MS
799,ACTAAGAGAACA_1,A549-MS
800,GACTATAGAACA_1,A549-MS
801,ACCAGAAGAACA_1,A549-MS
802,GACGACAGAACA_1,A549-MS
803,GCAGTCAGAACA_1,A549-MS
804,TAACGTAGAACA_1,A549-MS
805,CGATAGCATCCT_1,A549-MS
806,TAGTCACATCCT_1,A549-MS
807,TTCTGACATCCT_1,A549-MS
808,CCTAGCCATCCT_1,A549-MS
809,CAACTACATCCT_1,A549-MS
810,CATGGCCATCCT_1,A549-MS
811,CATTTTCATCCT_1,A549-MS
812,CCAACACATCCT_1,A549-MS
813,CTATACCATCCT_1,A549-MS
814,CTCAGACATCCT_1,A549-MS
815,TATAATCATCCT_1,A549-MS
816,GCAGTCCATCCT_1,A549-MS
817,GGATATCATCCT_1,A549-MS
818,GTAAGACATCCT_1,A549-MS
819,GTATCTCATCCT_1,A549-MS
820,TTACTTCATCCT_1,A549-MS
821,AGCGGCCATCCT_1,A549-MS
822,TTCTGAGCTGAT_1,A549-MS
823,GTGAAAGCTGAT_1,A549-MS
824,GTTTCGGCTGAT_1,A549-MS
825,GAGTGGGCTGAT_1,A549-MS
826,CGCAACGCTGAT_1,A549-MS
827,ATGTCAGCTGAT_1,A549-MS
828,CACTCAGCTGAT_1,A549-MS
829,AACGGTGCTGAT_1,A549-MS
830,CATGGCGCTGAT_1,A549-MS
831,CTAGCTGCTGAT_1,A549-MS
832,CTATACGCTGAT_1,A549-MS
833,CTCAGAGCTGAT_1,A549-MS
834,ACTAAGGCTGAT_1,A549-MS
835,GACTATGCTGAT_1,A549-MS
836,GAGTAAGCTGAT_1,A549-MS
837,TACAGCGCTGAT_1,A549-MS
838,TCGGCAGCTGAT_1,A549-MS
839,GCAGTCGCTGAT_1,A549-MS
840,TAACGTGCTGAT_1,A549-MS
841,TAGTCAAGACGG_1,A549-MS
842,GTGGCCAGACGG_1,A549-MS
843,GAGTGGAGACGG_1,A549-MS
844,AACCTCAGACGG_1,A549-MS
845,CGCAACAGACGG_1,A549-MS
846,CACTCAAGACGG_1,A549-MS
847,CAGGCGAGACGG_1,A549-MS
848,CATGGCAGACGG_1,A549-MS
849,CTCAGAAGACGG_1,A549-MS
850,GAGTAAAGACGG_1,A549-MS
851,TAATCGAGACGG_1,A549-MS
852,GGATATAGACGG_1,A549-MS
853,GTAAGAAGACGG_1,A549-MS
854,AGCGGCAGACGG_1,A549-MS
855,CGATAGGTGAAG_1,A549-MS
856,CCGCCTGTGAAG_1,A549-MS
857,ATGAGCGTGAAG_1,A549-MS
858,ATTCCTGTGAAG_1,A549-MS
859,CAACTAGTGAAG_1,A549-MS
860,CACGATGTGAAG_1,A549-MS
861,CACTCAGTGAAG_1,A549-MS
862,CAGGCGGTGAAG_1,A549-MS
863,CATGGCGTGAAG_1,A549-MS
864,GTTAAGGTGAAG_1,A549-MS
865,GACTATGTGAAG_1,A549-MS
866,GACGACGTGAAG_1,A549-MS
867,TCATTCGTGAAG_1,A549-MS
868,TCCCGAGTGAAG_1,A549-MS
869,TTACTTGTGAAG_1,A549-MS
870,CGATAGCTCTTC_1,A549-MS
871,ACTGCACTCTTC_1,A549-MS
872,CCGCCTCTCTTC_1,A549-MS
873,TTCTGACTCTTC_1,A549-MS
874,GTAGAGCTCTTC_1,A549-MS
875,GTGAAACTCTTC_1,A549-MS
876,GTGGCCCTCTTC_1,A549-MS
877,GGTAGCCTCTTC_1,A549-MS
878,GCGGTTCTCTTC_1,A549-MS
879,CACCGGCTCTTC_1,A549-MS
880,CACTCACTCTTC_1,A549-MS
881,AACGGTCTCTTC_1,A549-MS
882,CATGGCCTCTTC_1,A549-MS
883,CTAGCTCTCTTC_1,A549-MS
884,CTATACCTCTTC_1,A549-MS
885,CGGAGACTCTTC_1,A549-MS
886,ACTAAGCTCTTC_1,A549-MS
887,ACCAGACTCTTC_1,A549-MS
888,TATAATCTCTTC_1,A549-MS
889,TCATTCCTCTTC_1,A549-MS
890,GTCATCCTCTTC_1,A549-MS
891,TAACGTCTCTTC_1,A549-MS
892,CCGCCTCACTGT_1,A549-MS
893,TTCTGACACTGT_1,A549-MS
894,GTAGAGCACTGT_1,A549-MS
895,GTGGCCCACTGT_1,A549-MS
896,TGGCCTCACTGT_1,A549-MS
897,ATGTCACACTGT_1,A549-MS
898,ATGAGCCACTGT_1,A549-MS
899,CAAAAGCACTGT_1,A549-MS
900,CAACTACACTGT_1,A549-MS
901,CATGGCCACTGT_1,A549-MS
902,CATTTTCACTGT_1,A549-MS
903,CTAGCTCACTGT_1,A549-MS
904,GTTAAGCACTGT_1,A549-MS
905,GAAGCTCACTGT_1,A549-MS
906,GACTATCACTGT_1,A549-MS
907,GAGTAACACTGT_1,A549-MS
908,GACGACCACTGT_1,A549-MS
909,TAATCGCACTGT_1,A549-MS
910,TACAGCCACTGT_1,A549-MS
911,TATAATCACTGT_1,A549-MS
912,GTAAGACACTGT_1,A549-MS
913,TTACTTCACTGT_1,A549-MS
914,CGATAGTGTTCC_1,HELA-MS
915,TTCTGATGTTCC_1,HELA-MS
916,GTAGAGTGTTCC_1,HELA-MS
917,GAGTGGTGTTCC_1,HELA-MS
918,AGTTCCTGTTCC_1,HELA-MS
919,CAAAAGTGTTCC_1,HELA-MS
920,CAACTATGTTCC_1,HELA-MS
921,CACTCATGTTCC_1,HELA-MS
922,CATTTTTGTTCC_1,HELA-MS
923,CCAACATGTTCC_1,HELA-MS
924,GGAGTTTGTTCC_1,HELA-MS
925,GAGTAATGTTCC_1,HELA-MS
926,ACCAGATGTTCC_1,HELA-MS
927,TAATCGTGTTCC_1,HELA-MS
928,TCCCGATGTTCC_1,HELA-MS
929,TCGGCATGTTCC_1,HELA-MS
930,GCTCAATGTTCC_1,HELA-MS
931,GGATATTGTTCC_1,HELA-MS
932,GTAGAGGAAGCC_1,HELA-MS
933,CGTACGGAAGCC_1,HELA-MS
934,CGCAACGAAGCC_1,HELA-MS
935,AGTCAAGAAGCC_1,HELA-MS
936,CCGTCCGAAGCC_1,HELA-MS
937,ATTCCTGAAGCC_1,HELA-MS
938,CAACTAGAAGCC_1,HELA-MS
939,CACCGGGAAGCC_1,HELA-MS
940,CACGATGAAGCC_1,HELA-MS
941,CGGAATGAAGCC_1,HELA-MS
942,GAGTAAGAAGCC_1,HELA-MS
943,TCGAAGGAAGCC_1,HELA-MS
944,TCGGCAGAAGCC_1,HELA-MS
945,GTCATCGAAGCC_1,HELA-MS
946,GAGCCTACCACC_1,HELA-MS
947,GTGAAAACCACC_1,HELA-MS
948,GTGGCCACCACC_1,HELA-MS
949,GCGGTTACCACC_1,HELA-MS
950,ATGAGCACCACC_1,HELA-MS
951,CACTCAACCACC_1,HELA-MS
952,CATGGCACCACC_1,HELA-MS
953,CATTTTACCACC_1,HELA-MS
954,CTAGCTACCACC_1,HELA-MS
955,CTATACACCACC_1,HELA-MS
956,GTTAAGACCACC_1,HELA-MS
957,GACTATACCACC_1,HELA-MS
958,GACGACACCACC_1,HELA-MS
959,TAATCGACCACC_1,HELA-MS
960,TATAATACCACC_1,HELA-MS
961,TCATTCACCACC_1,HELA-MS
962,TCGCGGACCACC_1,HELA-MS
963,GGATATACCACC_1,HELA-MS
964,GTAAGAACCACC_1,HELA-MS
965,CCGCCTGCGTGA_1,HELA-MS
966,GGTAGCGCGTGA_1,HELA-MS
967,TGGCCTGCGTGA_1,HELA-MS
968,ATGTCAGCGTGA_1,HELA-MS
969,ATTCCTGCGTGA_1,HELA-MS
970,CAACTAGCGTGA_1,HELA-MS
971,CATGGCGCGTGA_1,HELA-MS
972,CTATACGCGTGA_1,HELA-MS
973,GAAGCTGCGTGA_1,HELA-MS
974,TATAATGCGTGA_1,HELA-MS
975,TCCCGAGCGTGA_1,HELA-MS
976,CAGCATGTGAGT_1,HELA-MS
977,GTTTCGGTGAGT_1,HELA-MS
978,CGCAACGTGAGT_1,HELA-MS
979,AGTTCCGTGAGT_1,HELA-MS
980,ATGTCAGTGAGT_1,HELA-MS
981,ACTGATGTGAGT_1,HELA-MS
982,ATTCCTGTGAGT_1,HELA-MS
983,CAAAAGGTGAGT_1,HELA-MS
984,CAACTAGTGAGT_1,HELA-MS
985,CACGATGTGAGT_1,HELA-MS
986,CAGGCGGTGAGT_1,HELA-MS
987,CATTTTGTGAGT_1,HELA-MS
988,CCTTCAGTGAGT_1,HELA-MS
989,GACGACGTGAGT_1,HELA-MS
990,TATAATGTGAGT_1,HELA-MS
991,GCAGTCGTGAGT_1,HELA-MS
992,GTATCTGTGAGT_1,HELA-MS
993,GTAGAGATCTCT_1,HELA-MS
994,GTCCGCATCTCT_1,HELA-MS
995,GAGTGGATCTCT_1,HELA-MS
996,GGTAGCATCTCT_1,HELA-MS
997,CCTAGCATCTCT_1,HELA-MS
998,GCGGTTATCTCT_1,HELA-MS
999,AGTCAAATCTCT_1,HELA-MS
1000,ATGTCAATCTCT_1,HELA-MS
1001,ACTGATATCTCT_1,HELA-MS
1002,CACCGGATCTCT_1,HELA-MS
1003,AACGGTATCTCT_1,HELA-MS
1004,CATGGCATCTCT_1,HELA-MS
1005,CCAACAATCTCT_1,HELA-MS
1006,GACGACATCTCT_1,HELA-MS
1007,TCGAAGATCTCT_1,HELA-MS
1008,GCTCAAATCTCT_1,HELA-MS
1009,GTATCTATCTCT_1,HELA-MS
1010,GTGGCCTGTCCT_1,HELA-MS
1011,CCTAGCTGTCCT_1,HELA-MS
1012,CGCAACTGTCCT_1,HELA-MS
1013,AGTTCCTGTCCT_1,HELA-MS
1014,TGGTCCTGTCCT_1,HELA-MS
1015,ATGAGCTGTCCT_1,HELA-MS
1016,CACCGGTGTCCT_1,HELA-MS
1017,AACGGTTGTCCT_1,HELA-MS
1018,CATTTTTGTCCT_1,HELA-MS
1019,CGGAATTGTCCT_1,HELA-MS
1020,CTAGCTTGTCCT_1,HELA-MS
1021,GTTAAGTGTCCT_1,HELA-MS
1022,GGAGTTTGTCCT_1,HELA-MS
1023,ACTAAGTGTCCT_1,HELA-MS
1024,GACTATTGTCCT_1,HELA-MS
1025,GAGTAATGTCCT_1,HELA-MS
1026,TCCCGATGTCCT_1,HELA-MS
1027,TCGCGGTGTCCT_1,HELA-MS
1028,GCTCAATGTCCT_1,HELA-MS
1029,TAACGTTGTCCT_1,HELA-MS
1030,GAGCCTACGGAT_1,HELA-MS
1031,ACTGCAACGGAT_1,HELA-MS
1032,GTCCGCACGGAT_1,HELA-MS
1033,GTGAAAACGGAT_1,HELA-MS
1034,GTTTCGACGGAT_1,HELA-MS
1035,CGTACGACGGAT_1,HELA-MS
1036,GAGTGGACGGAT_1,HELA-MS
1037,GGTAGCACGGAT_1,HELA-MS
1038,AACCTCACGGAT_1,HELA-MS
1039,CGCAACACGGAT_1,HELA-MS
1040,ATGTCAACGGAT_1,HELA-MS
1041,ACTGATACGGAT_1,HELA-MS
1042,ATTCCTACGGAT_1,HELA-MS
1043,CAACTAACGGAT_1,HELA-MS
1044,CATGGCACGGAT_1,HELA-MS
1045,CGGAATACGGAT_1,HELA-MS
1046,CGAATAACGGAT_1,HELA-MS
1047,ACTAAGACGGAT_1,HELA-MS
1048,ACCAGAACGGAT_1,HELA-MS
1049,GACGACACGGAT_1,HELA-MS
1050,TATAATACGGAT_1,HELA-MS
1051,TCATTCACGGAT_1,HELA-MS
1052,TCCCGAACGGAT_1,HELA-MS
1053,TCGGCAACGGAT_1,HELA-MS
1054,GCAGTCACGGAT_1,HELA-MS
1055,GTATCTACGGAT_1,HELA-MS
1056,TTACTTACGGAT_1,HELA-MS
1057,AGCGGCACGGAT_1,HELA-MS
1058,CCGCCTCTAACT_1,HELA-MS
1059,TTCTGACTAACT_1,HELA-MS
1060,GTGAAACTAACT_1,HELA-MS
1061,CGTACGCTAACT_1,HELA-MS
1062,AACCTCCTAACT_1,HELA-MS
1063,CCTAGCCTAACT_1,HELA-MS
1064,CGCAACCTAACT_1,HELA-MS
1065,GCGGTTCTAACT_1,HELA-MS
1066,AGTTCCCTAACT_1,HELA-MS
1067,TGGTCCCTAACT_1,HELA-MS
1068,ATGAGCCTAACT_1,HELA-MS
1069,CAAAAGCTAACT_1,HELA-MS
1070,AACGGTCTAACT_1,HELA-MS
1071,CATGGCCTAACT_1,HELA-MS
1072,GGAGTTCTAACT_1,HELA-MS
1073,GAAGCTCTAACT_1,HELA-MS
1074,GAGTAACTAACT_1,HELA-MS
1075,TAATCGCTAACT_1,HELA-MS
1076,TCATTCCTAACT_1,HELA-MS
1077,GCAGTCCTAACT_1,HELA-MS
1078,GGATATCTAACT_1,HELA-MS
1079,GTTTCGCAACAT_1,K562-MS
1080,GAGTGGCAACAT_1,K562-MS
1081,AACCTCCAACAT_1,K562-MS
1082,CGCAACCAACAT_1,K562-MS
1083,GCGGTTCAACAT_1,K562-MS
1084,ACTGATCAACAT_1,K562-MS
1085,CACCGGCAACAT_1,K562-MS
1086,CACGATCAACAT_1,K562-MS
1087,CAGGCGCAACAT_1,K562-MS
1088,CATGGCCAACAT_1,K562-MS
1089,CGGAATCAACAT_1,K562-MS
1090,CCTTCACAACAT_1,K562-MS
1091,ACCAGACAACAT_1,K562-MS
1092,TAATCGCAACAT_1,K562-MS
1093,TACAGCCAACAT_1,K562-MS
1094,TCCCGACAACAT_1,K562-MS
1095,TCGAAGCAACAT_1,K562-MS
1096,TCGGCACAACAT_1,K562-MS
1097,GCAGTCCAACAT_1,K562-MS
1098,CGATAGGTCGTG_1,K562-MS
1099,AGAAGAGTCGTG_1,K562-MS
1100,GAGCCTGTCGTG_1,K562-MS
1101,TAGTCAGTCGTG_1,K562-MS
1102,ACTGCAGTCGTG_1,K562-MS
1103,CAGCATGTCGTG_1,K562-MS
1104,GTGAAAGTCGTG_1,K562-MS
1105,GTGGCCGTCGTG_1,K562-MS
1106,GTTTCGGTCGTG_1,K562-MS
1107,CGTACGGTCGTG_1,K562-MS
1108,GAGTGGGTCGTG_1,K562-MS
1109,GGTAGCGTCGTG_1,K562-MS
1110,ATTCCTGTCGTG_1,K562-MS
1111,CAACTAGTCGTG_1,K562-MS
1112,CACCGGGTCGTG_1,K562-MS
1113,CACGATGTCGTG_1,K562-MS
1114,AACGGTGTCGTG_1,K562-MS
1115,CCAACAGTCGTG_1,K562-MS
1116,CTAGCTGTCGTG_1,K562-MS
1117,CTCAGAGTCGTG_1,K562-MS
1118,ACTAAGGTCGTG_1,K562-MS
1119,GAGTAAGTCGTG_1,K562-MS
1120,ACCAGAGTCGTG_1,K562-MS
1121,TACAGCGTCGTG_1,K562-MS
1122,TCATTCGTCGTG_1,K562-MS
1123,TCCCGAGTCGTG_1,K562-MS
1124,GTATCTGTCGTG_1,K562-MS
1125,GTCATCGTCGTG_1,K562-MS
1126,ACTGCAAATCTG_1,K562-MS
1127,GTAGAGAATCTG_1,K562-MS
1128,ATGAGCAATCTG_1,K562-MS
1129,ATTCCTAATCTG_1,K562-MS
1130,CACTCAAATCTG_1,K562-MS
1131,AACGGTAATCTG_1,K562-MS
1132,GTTAAGAATCTG_1,K562-MS
1133,GGAGTTAATCTG_1,K562-MS
1134,GAGTAAAATCTG_1,K562-MS
1135,ACCAGAAATCTG_1,K562-MS
1136,TACAGCAATCTG_1,K562-MS
1137,TCGGCAAATCTG_1,K562-MS
1138,GCAGTCAATCTG_1,K562-MS
1139,ACTGCATACATC_1,K562-MS
1140,CAGCATTACATC_1,K562-MS
1141,CCGCCTTACATC_1,K562-MS
1142,TTCTGATACATC_1,K562-MS
1143,GTAGAGTACATC_1,K562-MS
1144,GTCCGCTACATC_1,K562-MS
1145,GTGGCCTACATC_1,K562-MS
1146,CGCAACTACATC_1,K562-MS
1147,ATGAGCTACATC_1,K562-MS
1148,CACTCATACATC_1,K562-MS
1149,CAGGCGTACATC_1,K562-MS
1150,CATGGCTACATC_1,K562-MS
1151,CATTTTTACATC_1,K562-MS
1152,CGGAATTACATC_1,K562-MS
1153,CTCAGATACATC_1,K562-MS
1154,GGAGTTTACATC_1,K562-MS
1155,CGAATATACATC_1,K562-MS
1156,GACTATTACATC_1,K562-MS
1157,ACCAGATACATC_1,K562-MS
1158,TCATTCTACATC_1,K562-MS
1159,TCCCGATACATC_1,K562-MS
1160,GCTCAATACATC_1,K562-MS
1161,GGATATTACATC_1,K562-MS
1162,GTATCTTACATC_1,K562-MS
1163,GTCATCTACATC_1,K562-MS
1164,TAACGTTACATC_1,K562-MS
1165,AACCAAAGGTGC_1,K562-MS
1166,GAGCCTAGGTGC_1,K562-MS
1167,CAGCATAGGTGC_1,K562-MS
1168,TTCTGAAGGTGC_1,K562-MS
1169,GTCCGCAGGTGC_1,K562-MS
1170,GTGAAAAGGTGC_1,K562-MS
1171,CGTACGAGGTGC_1,K562-MS
1172,CCTAGCAGGTGC_1,K562-MS
1173,GCGGTTAGGTGC_1,K562-MS
1174,AGTTCCAGGTGC_1,K562-MS
1175,TGGTCCAGGTGC_1,K562-MS
1176,ACTGATAGGTGC_1,K562-MS
1177,ATGAGCAGGTGC_1,K562-MS
1178,ATTCCTAGGTGC_1,K562-MS
1179,AACGGTAGGTGC_1,K562-MS
1180,GTTAAGAGGTGC_1,K562-MS
1181,CGAATAAGGTGC_1,K562-MS
1182,CGGAGAAGGTGC_1,K562-MS
1183,TAATCGAGGTGC_1,K562-MS
1184,TATAATAGGTGC_1,K562-MS
1185,TCATTCAGGTGC_1,K562-MS
1186,TCGGCAAGGTGC_1,K562-MS
1187,GCTCAAAGGTGC_1,K562-MS
1188,GGATATAGGTGC_1,K562-MS
1189,AGCGGCAGGTGC_1,K562-MS
1190,GAGCCTCATGGC_1,K562-MS
1191,ACTGCACATGGC_1,K562-MS
1192,GTGGCCCATGGC_1,K562-MS
1193,CGCAACCATGGC_1,K562-MS
1194,AGTCAACATGGC_1,K562-MS
1195,AGTTCCCATGGC_1,K562-MS
1196,ACTGATCATGGC_1,K562-MS
1197,CAAAAGCATGGC_1,K562-MS
1198,CACCGGCATGGC_1,K562-MS
1199,AACGGTCATGGC_1,K562-MS
1200,CTCAGACATGGC_1,K562-MS
1201,CCTTCACATGGC_1,K562-MS
1202,CGGAGACATGGC_1,K562-MS
1203,ACTAAGCATGGC_1,K562-MS
1204,GAGTAACATGGC_1,K562-MS
1205,TCGAAGCATGGC_1,K562-MS
1206,TCGGCACATGGC_1,K562-MS
1207,AGAAGATTAGCC_1,K562-MS
1208,CCGCCTTTAGCC_1,K562-MS
1209,TTCTGATTAGCC_1,K562-MS
1210,GTAGAGTTAGCC_1,K562-MS
1211,GTCCGCTTAGCC_1,K562-MS
1212,GTGAAATTAGCC_1,K562-MS
1213,GTGGCCTTAGCC_1,K562-MS
1214,CGTACGTTAGCC_1,K562-MS
1215,GAGTGGTTAGCC_1,K562-MS
1216,AACCTCTTAGCC_1,K562-MS
1217,CGCAACTTAGCC_1,K562-MS
1218,TGGCCTTTAGCC_1,K562-MS
1219,AGTTCCTTAGCC_1,K562-MS
1220,CCGTCCTTAGCC_1,K562-MS
1221,CAAAAGTTAGCC_1,K562-MS
1222,AACGGTTTAGCC_1,K562-MS
1223,CATTTTTTAGCC_1,K562-MS
1224,CCAACATTAGCC_1,K562-MS
1225,GAGTAATTAGCC_1,K562-MS
1226,ACCAGATTAGCC_1,K562-MS
1227,TATAATTTAGCC_1,K562-MS
1228,GCAGTCTTAGCC_1,K562-MS
1229,GGATATTTAGCC_1,K562-MS
1230,GTATCTTTAGCC_1,K562-MS
1231,GTCATCTTAGCC_1,K562-MS
1232,AACCAATCGCTA_1,K562-MS
1233,CGATAGTCGCTA_1,K562-MS
1234,AGAAGATCGCTA_1,K562-MS
1235,TAGTCATCGCTA_1,K562-MS
1236,ACTGCATCGCTA_1,K562-MS
1237,CCGCCTTCGCTA_1,K562-MS
1238,GTAGAGTCGCTA_1,K562-MS
1239,GTGGCCTCGCTA_1,K562-MS
1240,AACCTCTCGCTA_1,K562-MS
1241,CCTAGCTCGCTA_1,K562-MS
1242,CGCAACTCGCTA_1,K562-MS
1243,ACTGATTCGCTA_1,K562-MS
1244,CACCGGTCGCTA_1,K562-MS
1245,AACGGTTCGCTA_1,K562-MS
1246,CATTTTTCGCTA_1,K562-MS
1247,CCTTCATCGCTA_1,K562-MS
1248,CGAATATCGCTA_1,K562-MS
1249,ACTAAGTCGCTA_1,K562-MS
1250,GACGACTCGCTA_1,K562-MS
1251,TAATCGTCGCTA_1,K562-MS
1252,TATAATTCGCTA_1,K562-MS
1253,TCGCGGTCGCTA_1,K562-MS
1254,GCTCAATCGCTA_1,K562-MS
1255,GGATATTCGCTA_1,K562-MS
1256,GTATCTTCGCTA_1,K562-MS
1257,TTACTTTCGCTA_1,K562-MS
1258,AGCGGCTCGCTA_1,K562-MS
1259,AACCAAATTCAT_1,K562-MS
1260,ACTGCAATTCAT_1,K562-MS
1261,GTAGAGATTCAT_1,K562-MS
1262,GTGAAAATTCAT_1,K562-MS
1263,GTGGCCATTCAT_1,K562-MS
1264,GCGGTTATTCAT_1,K562-MS
1265,TGGTCCATTCAT_1,K562-MS
1266,ATGAGCATTCAT_1,K562-MS
1267,CAAAAGATTCAT_1,K562-MS
1268,CACCGGATTCAT_1,K562-MS
1269,CACGATATTCAT_1,K562-MS
1270,AACGGTATTCAT_1,K562-MS
1271,CGGAATATTCAT_1,K562-MS
1272,CTAGCTATTCAT_1,K562-MS
1273,GAGTAAATTCAT_1,K562-MS
1274,ACCAGAATTCAT_1,K562-MS
1275,TCCCGAATTCAT_1,K562-MS
1276,TCGGCAATTCAT_1,K562-MS
1277,GCAGTCATTCAT_1,K562-MS
1278,GCTCAAATTCAT_1,K562-MS
1279,GTAAGAATTCAT_1,K562-MS
1280,GTCATCATTCAT_1,K562-MS
1281,AACCAAGAATGA_1,293T-MS
1282,AGAAGAGAATGA_1,293T-MS
1283,CCGCCTGAATGA_1,293T-MS
1284,GTCCGCGAATGA_1,293T-MS
1285,CGCAACGAATGA_1,293T-MS
1286,GCGGTTGAATGA_1,293T-MS
1287,AGTCAAGAATGA_1,293T-MS
1288,AGTTCCGAATGA_1,293T-MS
1289,CACCGGGAATGA_1,293T-MS
1290,CGGAATGAATGA_1,293T-MS
1291,GGAGTTGAATGA_1,293T-MS
1292,ACTAAGGAATGA_1,293T-MS
1293,GACTATGAATGA_1,293T-MS
1294,TAATCGGAATGA_1,293T-MS
1295,TCGCGGGAATGA_1,293T-MS
1296,GCAGTCGAATGA_1,293T-MS
1297,GCTCAAGAATGA_1,293T-MS
1298,GTAAGAGAATGA_1,293T-MS
1299,GTATCTGAATGA_1,293T-MS
1300,GTCATCGAATGA_1,293T-MS
1301,CGATAGAGCCAA_1,293T-MS
1302,AGAAGAAGCCAA_1,293T-MS
1303,TAGTCAAGCCAA_1,293T-MS
1304,TTCTGAAGCCAA_1,293T-MS
1305,CCTAGCAGCCAA_1,293T-MS
1306,TGGCCTAGCCAA_1,293T-MS
1307,AGTCAAAGCCAA_1,293T-MS
1308,ATGTCAAGCCAA_1,293T-MS
1309,ACTGATAGCCAA_1,293T-MS
1310,ATTCCTAGCCAA_1,293T-MS
1311,CAAAAGAGCCAA_1,293T-MS
1312,CACGATAGCCAA_1,293T-MS
1313,CACTCAAGCCAA_1,293T-MS
1314,AACGGTAGCCAA_1,293T-MS
1315,CTATACAGCCAA_1,293T-MS
1316,CGAATAAGCCAA_1,293T-MS
1317,CGGAGAAGCCAA_1,293T-MS
1318,GACTATAGCCAA_1,293T-MS
1319,TACAGCAGCCAA_1,293T-MS
1320,GCAGTCAGCCAA_1,293T-MS
1321,GGATATAGCCAA_1,293T-MS
1322,AGCGGCAGCCAA_1,293T-MS
1323,CGATAGCTCCTT_1,293T-MS
1324,TAGTCACTCCTT_1,293T-MS
1325,CAGCATCTCCTT_1,293T-MS
1326,GTGAAACTCCTT_1,293T-MS
1327,GAGTGGCTCCTT_1,293T-MS
1328,CCTAGCCTCCTT_1,293T-MS
1329,CGCAACCTCCTT_1,293T-MS
1330,CAAAAGCTCCTT_1,293T-MS
1331,CACGATCTCCTT_1,293T-MS
1332,AACGGTCTCCTT_1,293T-MS
1333,CGGAATCTCCTT_1,293T-MS
1334,GAAGCTCTCCTT_1,293T-MS
1335,GACTATCTCCTT_1,293T-MS
1336,GAGTAACTCCTT_1,293T-MS
1337,TACAGCCTCCTT_1,293T-MS
1338,TCCCGACTCCTT_1,293T-MS
1339,GCAGTCCTCCTT_1,293T-MS
1340,GCTCAACTCCTT_1,293T-MS
1341,GGATATCTCCTT_1,293T-MS
1342,TTACTTCTCCTT_1,293T-MS
1343,CGATAGTAAGGT_1,293T-MS
1344,ACTGCATAAGGT_1,293T-MS
1345,CCGCCTTAAGGT_1,293T-MS
1346,GAGTGGTAAGGT_1,293T-MS
1347,GCGGTTTAAGGT_1,293T-MS
1348,CAGGCGTAAGGT_1,293T-MS
1349,CATGGCTAAGGT_1,293T-MS
1350,CCAACATAAGGT_1,293T-MS
1351,CGGAATTAAGGT_1,293T-MS
1352,GTTAAGTAAGGT_1,293T-MS
1353,ACTAAGTAAGGT_1,293T-MS
1354,ACCAGATAAGGT_1,293T-MS
1355,TCGAAGTAAGGT_1,293T-MS
1356,TCGGCATAAGGT_1,293T-MS
1357,TCGCGGTAAGGT_1,293T-MS
1358,GCAGTCTAAGGT_1,293T-MS
1359,AGCGGCTAAGGT_1,293T-MS
1360,AACCAAAGGATG_1,293T-MS
1361,CGATAGAGGATG_1,293T-MS
1362,TAGTCAAGGATG_1,293T-MS
1363,ACTGCAAGGATG_1,293T-MS
1364,CCGCCTAGGATG_1,293T-MS
1365,TTCTGAAGGATG_1,293T-MS
1366,TGGCCTAGGATG_1,293T-MS
1367,AGTTCCAGGATG_1,293T-MS
1368,ATGTCAAGGATG_1,293T-MS
1369,TGGTCCAGGATG_1,293T-MS
1370,ATTCCTAGGATG_1,293T-MS
1371,CACGATAGGATG_1,293T-MS
1372,CTCAGAAGGATG_1,293T-MS
1373,GGAGTTAGGATG_1,293T-MS
1374,GAGTAAAGGATG_1,293T-MS
1375,TATAATAGGATG_1,293T-MS
1376,GCTCAAAGGATG_1,293T-MS
1377,GTCATCAGGATG_1,293T-MS
1378,ACTGCATTGTCG_1,293T-MS
1379,TTCTGATTGTCG_1,293T-MS
1380,CCTAGCTTGTCG_1,293T-MS
1381,GCGGTTTTGTCG_1,293T-MS
1382,AGTCAATTGTCG_1,293T-MS
1383,AGTTCCTTGTCG_1,293T-MS
1384,ATGAGCTTGTCG_1,293T-MS
1385,CAACTATTGTCG_1,293T-MS
1386,CAGGCGTTGTCG_1,293T-MS
1387,CATGGCTTGTCG_1,293T-MS
1388,CTATACTTGTCG_1,293T-MS
1389,CCTTCATTGTCG_1,293T-MS
1390,CGGAGATTGTCG_1,293T-MS
1391,GACTATTTGTCG_1,293T-MS
1392,ACCAGATTGTCG_1,293T-MS
1393,TCATTCTTGTCG_1,293T-MS
1394,GTAAGATTGTCG_1,293T-MS
1395,GTCATCTTGTCG_1,293T-MS
1396,TAGTCAGATTAG_1,293T-MS
1397,CAGCATGATTAG_1,293T-MS
1398,TTCTGAGATTAG_1,293T-MS
1399,AACCTCGATTAG_1,293T-MS
1400,TGGCCTGATTAG_1,293T-MS
1401,AGTCAAGATTAG_1,293T-MS
1402,AGTTCCGATTAG_1,293T-MS
1403,CAGGCGGATTAG_1,293T-MS
1404,GTTAAGGATTAG_1,293T-MS
1405,GGAGTTGATTAG_1,293T-MS
1406,CCTTCAGATTAG_1,293T-MS
1407,TACAGCGATTAG_1,293T-MS
1408,TATAATGATTAG_1,293T-MS
1409,TCGCGGGATTAG_1,293T-MS
1410,GTATCTGATTAG_1,293T-MS
1411,TAACGTGATTAG_1,293T-MS
1412,CGATAGATAGAG_1,293T-MS
1413,AGAAGAATAGAG_1,293T-MS
1414,ACTGCAATAGAG_1,293T-MS
1415,CCGCCTATAGAG_1,293T-MS
1416,GTCCGCATAGAG_1,293T-MS
1417,GGTAGCATAGAG_1,293T-MS
1418,CGCAACATAGAG_1,293T-MS
1419,ATGTCAATAGAG_1,293T-MS
1420,CAAAAGATAGAG_1,293T-MS
1421,CACGATATAGAG_1,293T-MS
1422,AACGGTATAGAG_1,293T-MS
1423,CATTTTATAGAG_1,293T-MS
1424,CTATACATAGAG_1,293T-MS
1425,GACGACATAGAG_1,293T-MS
1426,TATAATATAGAG_1,293T-MS
1427,GTAAGAATAGAG_1,293T-MS
1428,GTCATCATAGAG_1,293T-MS
1429,TAACGTATAGAG_1,293T-MS
1430,AGAAGATCTTGG_1,293T-MS
1431,TAGTCATCTTGG_1,293T-MS
1432,CAGCATTCTTGG_1,293T-MS
1433,TTCTGATCTTGG_1,293T-MS
1434,CCTAGCTCTTGG_1,293T-MS
1435,CGCAACTCTTGG_1,293T-MS
1436,TGGTCCTCTTGG_1,293T-MS
1437,CACGATTCTTGG_1,293T-MS
1438,CATTTTTCTTGG_1,293T-MS
1439,CCAACATCTTGG_1,293T-MS
1440,CTATACTCTTGG_1,293T-MS
1441,GTTAAGTCTTGG_1,293T-MS
1442,GAAGCTTCTTGG_1,293T-MS
1443,GAGTAATCTTGG_1,293T-MS
1444,TAATCGTCTTGG_1,293T-MS
1445,TATAATTCTTGG_1,293T-MS
1446,TCATTCTCTTGG_1,293T-MS
1447,TCCCGATCTTGG_1,293T-MS
1448,GCTCAATCTTGG_1,293T-MS
0,GCGGTTCACTGT_2,A549-MS
1,CCGTCCCACTGT_2,A549-MS
2,CATGGCCACTGT_2,A549-MS
3,CTATACCACTGT_2,A549-MS
4,TTCTGAGCGATC_2,A549-MS
5,AGTCAAGCGATC_2,A549-MS
6,AGTTCCGCGATC_2,A549-MS
9,TAATCGCTACGA_2,A549-MS
10,TCATTCCTACGA_2,A549-MS
11,TCGAAGCTACGA_2,A549-MS
12,TCGCGGCTACGA_2,A549-MS
13,GAGCCTTGTGTC_2,A549-MS
14,TAGTCATGTGTC_2,A549-MS
15,ACTGCATGTGTC_2,A549-MS
16,TTCTGATGTGTC_2,A549-MS
17,GCGGTTTGTGTC_2,A549-MS
18,CCGTCCTGTGTC_2,A549-MS
19,TGGTCCTGTGTC_2,A549-MS
20,CATTTTTGTGTC_2,A549-MS
21,CTCAGATGTGTC_2,A549-MS
22,GACGACTGTGTC_2,A549-MS
23,TCCCGATGTGTC_2,A549-MS
24,GAGCCTTCCTGC_2,A549-MS
25,TAGTCATCCTGC_2,A549-MS
26,GTTAAGTCCTGC_2,A549-MS
27,GACGACTCCTGC_2,A549-MS
28,TCCCGATCCTGC_2,A549-MS
29,TCGAAGTCCTGC_2,A549-MS
30,CATTTTTGACTC_2,A549-MS
31,GTTAAGTGACTC_2,A549-MS
32,TATAATTGACTC_2,A549-MS
33,TCCCGATGACTC_2,A549-MS
34,TCGGCATGACTC_2,A549-MS
35,CGATAGAGTGAC_2,A549-MS
36,CCGTCCAGTGAC_2,A549-MS
37,TGGTCCAGTGAC_2,A549-MS
38,GTTAAGAGTGAC_2,A549-MS
39,TACAGCAGTGAC_2,A549-MS
40,TCGGCAAGTGAC_2,A549-MS
41,AGAAGAAGAACA_2,A549-MS
42,CATTTTAGAACA_2,A549-MS
43,TAATCGAGAACA_2,A549-MS
44,TCGGCAAGAACA_2,A549-MS
45,TCGCGGAGAACA_2,A549-MS
46,ACTGCAACAGGA_2,A549-MS
47,CCGCCTACAGGA_2,A549-MS
48,TTCTGAACAGGA_2,A549-MS
49,TGGCCTACAGGA_2,A549-MS
50,CCGTCCACAGGA_2,A549-MS
51,CTATACACAGGA_2,A549-MS
52,TAATCGACAGGA_2,A549-MS
53,TACAGCACAGGA_2,A549-MS
54,TCATTCACAGGA_2,A549-MS
55,TCCCGAACAGGA_2,A549-MS
56,TAGTCACATCCT_2,A549-MS
57,CGCAACCATCCT_2,A549-MS
58,AGTCAACATCCT_2,A549-MS
59,ATGTCACATCCT_2,A549-MS
60,CAGGCGCATCCT_2,A549-MS
61,CATGGCCATCCT_2,A549-MS
62,CATTTTCATCCT_2,A549-MS
63,TATAATCATCCT_2,A549-MS
64,TCATTCCATCCT_2,A549-MS
65,TCGGCACATCCT_2,A549-MS
66,AACCAACCTCAA_2,A549-MS
67,CGATAGCCTCAA_2,A549-MS
68,AGAAGACCTCAA_2,A549-MS
69,CAGCATCCTCAA_2,A549-MS
70,CCTAGCCCTCAA_2,A549-MS
71,AGTCAACCTCAA_2,A549-MS
72,CAGGCGCCTCAA_2,A549-MS
73,CATTTTCCTCAA_2,A549-MS
74,CGGAATCCTCAA_2,A549-MS
75,CTAGCTCCTCAA_2,A549-MS
76,TACAGCCCTCAA_2,A549-MS
77,ACTGCAGCTGAT_2,A549-MS
78,CGCAACGCTGAT_2,A549-MS
79,AGTTCCGCTGAT_2,A549-MS
80,ATGTCAGCTGAT_2,A549-MS
81,TGGTCCGCTGAT_2,A549-MS
82,TAATCGGCTGAT_2,A549-MS
83,AACCAAGTGGTT_2,A549-MS
84,CGATAGGTGGTT_2,A549-MS
85,AGAAGAGTGGTT_2,A549-MS
86,CGCAACGTGGTT_2,A549-MS
87,CATTTTGTGGTT_2,A549-MS
88,CTATACGTGGTT_2,A549-MS
89,TACAGCGTGGTT_2,A549-MS
90,TATAATGTGGTT_2,A549-MS
91,TCATTCGTGGTT_2,A549-MS
92,TCGGCAGTGGTT_2,A549-MS
93,AACCAAAGACGG_2,A549-MS
94,GAGCCTAGACGG_2,A549-MS
95,ACTGCAAGACGG_2,A549-MS
96,TTCTGAAGACGG_2,A549-MS
97,AGTCAAAGACGG_2,A549-MS
98,CATGGCAGACGG_2,A549-MS
99,GTTAAGAGACGG_2,A549-MS
100,TCATTCAGACGG_2,A549-MS
101,TCCCGAAGACGG_2,A549-MS
102,AGTTCCACTAGT_2,A549-MS
103,CCGTCCACTAGT_2,A549-MS
104,CAGGCGACTAGT_2,A549-MS
105,CTATACACTAGT_2,A549-MS
106,GACGACACTAGT_2,A549-MS
107,TCGGCAACTAGT_2,A549-MS
108,CCGCCTGTGAAG_2,A549-MS
109,CGCAACGTGAAG_2,A549-MS
110,GCGGTTGTGAAG_2,A549-MS
111,CTCAGAGTGAAG_2,A549-MS
112,GACGACGTGAAG_2,A549-MS
113,TACAGCGTGAAG_2,A549-MS
114,TATAATGTGAAG_2,A549-MS
115,TCCCGAGTGAAG_2,A549-MS
116,TCGCGGGTGAAG_2,A549-MS
117,TAGTCATCCATT_2,A549-MS
118,CCGTCCTCCATT_2,A549-MS
119,CAGGCGTCCATT_2,A549-MS
120,GTTAAGTCCATT_2,A549-MS
121,TAATCGTCCATT_2,A549-MS
122,TCATTCTCCATT_2,A549-MS
123,AACCAACTCTTC_2,A549-MS
124,TAGTCACTCTTC_2,A549-MS
125,ACTGCACTCTTC_2,A549-MS
126,CCTAGCCTCTTC_2,A549-MS
127,CGCAACCTCTTC_2,A549-MS
128,TGGCCTCTCTTC_2,A549-MS
129,CTATACCTCTTC_2,A549-MS
130,TAATCGCTCTTC_2,A549-MS
131,TCGGCACTCTTC_2,A549-MS
132,ACTGATCACTGT_2,A549-MS
133,ATGAGCCACTGT_2,A549-MS
134,CACGATCACTGT_2,A549-MS
135,AACGGTCACTGT_2,A549-MS
136,GAAGCTCACTGT_2,A549-MS
137,ACCAGACACTGT_2,A549-MS
138,GCAGTCCACTGT_2,A549-MS
139,GTAAGACACTGT_2,A549-MS
140,TAACGTCACTGT_2,A549-MS
141,AGCGGCCACTGT_2,A549-MS
142,CACCGGGCGATC_2,A549-MS
143,AACGGTGCGATC_2,A549-MS
144,CGGAGAGCGATC_2,A549-MS
145,GAAGCTGCGATC_2,A549-MS
146,GAGTAAGCGATC_2,A549-MS
148,GTAAGAGCGATC_2,A549-MS
149,GGTAGCCTACGA_2,A549-MS
150,CAAAAGCTACGA_2,A549-MS
151,AACGGTCTACGA_2,A549-MS
152,CGAATACTACGA_2,A549-MS
153,GCAGTCCTACGA_2,A549-MS
154,GCTCAACTACGA_2,A549-MS
155,GTAGAGTGTGTC_2,A549-MS
156,GTCCGCTGTGTC_2,A549-MS
157,CGTACGTGTGTC_2,A549-MS
158,CAAAAGTGTGTC_2,A549-MS
159,CACGATTGTGTC_2,A549-MS
160,AACGGTTGTGTC_2,A549-MS
161,CGAATATGTGTC_2,A549-MS
162,ACTAAGTGTGTC_2,A549-MS
163,GCAGTCTGTGTC_2,A549-MS
164,GCTCAATGTGTC_2,A549-MS
165,TAACGTTGTGTC_2,A549-MS
166,GAGTGGTCCTGC_2,A549-MS
167,AACCTCTCCTGC_2,A549-MS
168,GGAGTTTCCTGC_2,A549-MS
169,GCTCAATCCTGC_2,A549-MS
170,TAACGTTCCTGC_2,A549-MS
171,GTGAAATGACTC_2,A549-MS
172,GTGGCCTGACTC_2,A549-MS
173,GGTAGCTGACTC_2,A549-MS
174,CGAATATGACTC_2,A549-MS
175,ACCAGATGACTC_2,A549-MS
176,GCTCAATGACTC_2,A549-MS
177,GTAGAGAGTGAC_2,A549-MS
178,GTTTCGAGTGAC_2,A549-MS
179,CGTACGAGTGAC_2,A549-MS
180,GGTAGCAGTGAC_2,A549-MS
181,CAACTAAGTGAC_2,A549-MS
182,CGAATAAGTGAC_2,A549-MS
183,CGGAGAAGTGAC_2,A549-MS
184,GACTATAGTGAC_2,A549-MS
185,GCAGTCAGTGAC_2,A549-MS
186,GCTCAAAGTGAC_2,A549-MS
187,GGATATAGTGAC_2,A549-MS
188,GTAAGAAGTGAC_2,A549-MS
189,GTGGCCAGAACA_2,A549-MS
190,AACCTCAGAACA_2,A549-MS
191,AACGGTAGAACA_2,A549-MS
192,GACTATAGAACA_2,A549-MS
193,GCAGTCAGAACA_2,A549-MS
194,GCTCAAAGAACA_2,A549-MS
195,GGATATAGAACA_2,A549-MS
196,GTCATCAGAACA_2,A549-MS
197,TTACTTAGAACA_2,A549-MS
198,GTTTCGACAGGA_2,A549-MS
199,CGTACGACAGGA_2,A549-MS
200,GAGTGGACAGGA_2,A549-MS
201,AACCTCACAGGA_2,A549-MS
202,CACCGGACAGGA_2,A549-MS
203,GAAGCTACAGGA_2,A549-MS
204,GGATATACAGGA_2,A549-MS
205,GGAGTTCATCCT_2,A549-MS
206,GAGTAACATCCT_2,A549-MS
207,GCTCAACATCCT_2,A549-MS
208,GGATATCATCCT_2,A549-MS
209,GTCATCCATCCT_2,A549-MS
210,GTCCGCCCTCAA_2,A549-MS
211,GTTTCGCCTCAA_2,A549-MS
212,CGTACGCCTCAA_2,A549-MS
213,CAACTACCTCAA_2,A549-MS
214,CCTTCACCTCAA_2,A549-MS
215,GTCCGCGCTGAT_2,A549-MS
216,CAAAAGGCTGAT_2,A549-MS
217,CACGATGCTGAT_2,A549-MS
219,GCTCAAGCTGAT_2,A549-MS
220,TTACTTGCTGAT_2,A549-MS
221,AGCGGCGCTGAT_2,A549-MS
222,GTCCGCGTGGTT_2,A549-MS
223,GTGAAAGTGGTT_2,A549-MS
224,ATGAGCGTGGTT_2,A549-MS
225,CAAAAGGTGGTT_2,A549-MS
226,CACGATGTGGTT_2,A549-MS
227,CCTTCAGTGGTT_2,A549-MS
228,GTCATCGTGGTT_2,A549-MS
229,GTTTCGAGACGG_2,A549-MS
230,GAGTGGAGACGG_2,A549-MS
231,CAACTAAGACGG_2,A549-MS
232,CACCGGAGACGG_2,A549-MS
233,CACGATAGACGG_2,A549-MS
234,AACGGTAGACGG_2,A549-MS
235,CCTTCAAGACGG_2,A549-MS
236,GTCATCAGACGG_2,A549-MS
237,TAACGTAGACGG_2,A549-MS
238,TTACTTAGACGG_2,A549-MS
239,AGCGGCAGACGG_2,A549-MS
240,GTGAAAACTAGT_2,A549-MS
241,CGTACGACTAGT_2,A549-MS
242,GGTAGCACTAGT_2,A549-MS
243,AACCTCACTAGT_2,A549-MS
244,ATTCCTACTAGT_2,A549-MS
245,AACGGTACTAGT_2,A549-MS
246,CCTTCAACTAGT_2,A549-MS
247,CGGAGAACTAGT_2,A549-MS
248,GCAGTCACTAGT_2,A549-MS
249,GTTTCGGTGAAG_2,A549-MS
250,GGTAGCGTGAAG_2,A549-MS
251,AACCTCGTGAAG_2,A549-MS
252,CAAAAGGTGAAG_2,A549-MS
253,CACGATGTGAAG_2,A549-MS
254,CGAATAGTGAAG_2,A549-MS
255,GCAGTCGTGAAG_2,A549-MS
256,GCTCAAGTGAAG_2,A549-MS
257,GGATATGTGAAG_2,A549-MS
258,GTATCTGTGAAG_2,A549-MS
259,CGTACGTCCATT_2,A549-MS
260,AACCTCTCCATT_2,A549-MS
261,ATGAGCTCCATT_2,A549-MS
262,CAAAAGTCCATT_2,A549-MS
263,CGGAGATCCATT_2,A549-MS
264,GCAGTCTCCATT_2,A549-MS
265,GCTCAATCCATT_2,A549-MS
266,GTCATCTCCATT_2,A549-MS
267,TTACTTTCCATT_2,A549-MS
268,AGCGGCTCCATT_2,A549-MS
269,GTCCGCCTCTTC_2,A549-MS
270,CCTTCACTCTTC_2,A549-MS
271,AACCAACTAACT_2,HELA-MS
272,ACTGCACTAACT_2,HELA-MS
273,GCGGTTCTAACT_2,HELA-MS
274,CCAACACTAACT_2,HELA-MS
275,TACAGCCTAACT_2,HELA-MS
276,CCTAGCCAATCC_2,HELA-MS
277,GCGGTTCAATCC_2,HELA-MS
278,TCGGCACAATCC_2,HELA-MS
279,CAGCATCGAAGT_2,HELA-MS
280,TGGCCTCGAAGT_2,HELA-MS
281,AGTTCCCGAAGT_2,HELA-MS
282,TGGTCCCGAAGT_2,HELA-MS
283,CTAGCTCGAAGT_2,HELA-MS
284,GCGGTTTGTTCC_2,HELA-MS
285,CATTTTTGTTCC_2,HELA-MS
286,CTAGCTTGTTCC_2,HELA-MS
287,CGATAGAACGCT_2,HELA-MS
288,GAGCCTAACGCT_2,HELA-MS
289,ACTGCAAACGCT_2,HELA-MS
290,CCGCCTAACGCT_2,HELA-MS
291,CCGTCCAACGCT_2,HELA-MS
292,CAGGCGAACGCT_2,HELA-MS
293,TACAGCAACGCT_2,HELA-MS
294,AGAAGAGAAGCC_2,HELA-MS
295,CGCAACGAAGCC_2,HELA-MS
296,TGGCCTGAAGCC_2,HELA-MS
297,CATTTTGAAGCC_2,HELA-MS
298,CGGAATGAAGCC_2,HELA-MS
299,TCGGCAGAAGCC_2,HELA-MS
300,TTCTGATGGTAT_2,HELA-MS
301,GCGGTTTGGTAT_2,HELA-MS
302,CCGTCCTGGTAT_2,HELA-MS
303,CCAACATGGTAT_2,HELA-MS
304,CTATACTGGTAT_2,HELA-MS
305,GACGACTGGTAT_2,HELA-MS
306,AACCAAACCACC_2,HELA-MS
307,CCGCCTACCACC_2,HELA-MS
308,CCGTCCACCACC_2,HELA-MS
309,TACAGCACCACC_2,HELA-MS
310,TCCCGAACCACC_2,HELA-MS
311,GTTAAGGAACTG_2,HELA-MS
312,TATAATGAACTG_2,HELA-MS
313,AGAAGAGCGTGA_2,HELA-MS
314,CAGCATGCGTGA_2,HELA-MS
315,ATGTCAGCGTGA_2,HELA-MS
316,TCGCGGGCGTGA_2,HELA-MS
317,AACCAAACTTCG_2,HELA-MS
319,CCTAGCACTTCG_2,HELA-MS
320,CAGGCGACTTCG_2,HELA-MS
321,CTATACACTTCG_2,HELA-MS
322,CGCAACGTGAGT_2,HELA-MS
323,TGGCCTGTGAGT_2,HELA-MS
324,CGGAATGTGAGT_2,HELA-MS
325,TCCCGAGTGAGT_2,HELA-MS
326,AACCAACTCACG_2,HELA-MS
327,AGAAGACTCACG_2,HELA-MS
328,CAGCATCTCACG_2,HELA-MS
329,CGCAACCTCACG_2,HELA-MS
330,ATGTCACTCACG_2,HELA-MS
331,TGGTCCCTCACG_2,HELA-MS
332,TATAATCTCACG_2,HELA-MS
333,AACCAAATCTCT_2,HELA-MS
334,AGAAGAATCTCT_2,HELA-MS
335,CCTAGCATCTCT_2,HELA-MS
336,CTAGCTATCTCT_2,HELA-MS
337,GACGACATCTCT_2,HELA-MS
338,GAGCCTCAGGAG_2,HELA-MS
339,CCGCCTCAGGAG_2,HELA-MS
340,GCGGTTCAGGAG_2,HELA-MS
341,AGTCAACAGGAG_2,HELA-MS
342,GAGCCTTGTCCT_2,HELA-MS
343,TGGCCTTGTCCT_2,HELA-MS
344,CCGTCCTGTCCT_2,HELA-MS
345,TCATTCTGTCCT_2,HELA-MS
346,TCGCGGTGTCCT_2,HELA-MS
347,GAGCCTAAGTTC_2,HELA-MS
348,ACTGCAAAGTTC_2,HELA-MS
349,CATTTTAAGTTC_2,HELA-MS
350,CGGAATAAGTTC_2,HELA-MS
351,TCCCGAAAGTTC_2,HELA-MS
352,TTCTGAACGGAT_2,HELA-MS
353,CGCAACACGGAT_2,HELA-MS
354,TGGTCCACGGAT_2,HELA-MS
355,CAGGCGACGGAT_2,HELA-MS
356,CATTTTACGGAT_2,HELA-MS
357,GTGGCCCTAACT_2,HELA-MS
358,GGTAGCCTAACT_2,HELA-MS
359,CACGATCTAACT_2,HELA-MS
360,CACTCACTAACT_2,HELA-MS
361,GAAGCTCTAACT_2,HELA-MS
362,GACTATCTAACT_2,HELA-MS
363,GCAGTCCTAACT_2,HELA-MS
364,AGCGGCCTAACT_2,HELA-MS
365,ACTGATCAATCC_2,HELA-MS
366,GTGAAACGAAGT_2,HELA-MS
367,GTGGCCCGAAGT_2,HELA-MS
368,GTTTCGCGAAGT_2,HELA-MS
369,CACCGGCGAAGT_2,HELA-MS
370,CACTCACGAAGT_2,HELA-MS
371,GTCATCCGAAGT_2,HELA-MS
372,TTACTTCGAAGT_2,HELA-MS
373,GGTAGCTGTTCC_2,HELA-MS
374,CAAAAGTGTTCC_2,HELA-MS
375,GAAGCTTGTTCC_2,HELA-MS
376,GTCCGCAACGCT_2,HELA-MS
377,GTTTCGAACGCT_2,HELA-MS
378,CGTACGAACGCT_2,HELA-MS
379,ACTGATAACGCT_2,HELA-MS
380,CAACTAAACGCT_2,HELA-MS
381,CACGATAACGCT_2,HELA-MS
382,GAGTAAAACGCT_2,HELA-MS
383,TAACGTAACGCT_2,HELA-MS
384,AACCTCGAAGCC_2,HELA-MS
385,ATTCCTGAAGCC_2,HELA-MS
386,GGATATGAAGCC_2,HELA-MS
387,GTATCTGAAGCC_2,HELA-MS
388,GTCCGCTGGTAT_2,HELA-MS
389,GTGAAATGGTAT_2,HELA-MS
390,ACTGATTGGTAT_2,HELA-MS
391,ATGAGCTGGTAT_2,HELA-MS
392,CACTCATGGTAT_2,HELA-MS
393,GGAGTTTGGTAT_2,HELA-MS
394,CGGAGATGGTAT_2,HELA-MS
395,GAGTAATGGTAT_2,HELA-MS
396,ACCAGATGGTAT_2,HELA-MS
397,GTCCGCACCACC_2,HELA-MS
398,GTGGCCACCACC_2,HELA-MS
399,AACCTCACCACC_2,HELA-MS
400,CGGAGAACCACC_2,HELA-MS
401,GCAGTCACCACC_2,HELA-MS
402,GTAAGAACCACC_2,HELA-MS
403,GTATCTACCACC_2,HELA-MS
404,TAACGTACCACC_2,HELA-MS
405,GGTAGCGAACTG_2,HELA-MS
406,ATTCCTGAACTG_2,HELA-MS
407,CAAAAGGAACTG_2,HELA-MS
408,CACTCAGAACTG_2,HELA-MS
409,CGGAGAGAACTG_2,HELA-MS
410,GAAGCTGAACTG_2,HELA-MS
411,GACTATGAACTG_2,HELA-MS
412,GTAAGAGAACTG_2,HELA-MS
413,TTACTTGAACTG_2,HELA-MS
414,GTAGAGGCGTGA_2,HELA-MS
415,GTTTCGGCGTGA_2,HELA-MS
416,GGTAGCGCGTGA_2,HELA-MS
417,ATTCCTGCGTGA_2,HELA-MS
418,GTATCTGCGTGA_2,HELA-MS
419,GGTAGCACTTCG_2,HELA-MS
420,ATGAGCACTTCG_2,HELA-MS
421,ACTAAGACTTCG_2,HELA-MS
422,CAAAAGGTGAGT_2,HELA-MS
423,GGATATGTGAGT_2,HELA-MS
424,TAACGTGTGAGT_2,HELA-MS
425,GTGAAACTCACG_2,HELA-MS
426,GTGGCCATCTCT_2,HELA-MS
427,CGTACGATCTCT_2,HELA-MS
428,CACTCAATCTCT_2,HELA-MS
429,GCTCAAATCTCT_2,HELA-MS
430,GTTTCGCAGGAG_2,HELA-MS
431,ATGAGCCAGGAG_2,HELA-MS
432,CACTCACAGGAG_2,HELA-MS
433,GGAGTTCAGGAG_2,HELA-MS
434,ACTAAGCAGGAG_2,HELA-MS
435,GACTATCAGGAG_2,HELA-MS
436,GAGTAACAGGAG_2,HELA-MS
437,AGCGGCCAGGAG_2,HELA-MS
438,GTGGCCTGTCCT_2,HELA-MS
439,GGTAGCTGTCCT_2,HELA-MS
440,ATGAGCTGTCCT_2,HELA-MS
441,CGAATATGTCCT_2,HELA-MS
442,GAAGCTTGTCCT_2,HELA-MS
443,AGCGGCTGTCCT_2,HELA-MS
444,GTGGCCAAGTTC_2,HELA-MS
445,CAAAAGAAGTTC_2,HELA-MS
446,ACCAGAAAGTTC_2,HELA-MS
447,GCTCAAAAGTTC_2,HELA-MS
448,AGCGGCAAGTTC_2,HELA-MS
449,ACTGATACGGAT_2,HELA-MS
450,ATGAGCACGGAT_2,HELA-MS
451,CAAAAGACGGAT_2,HELA-MS
452,CGAATAACGGAT_2,HELA-MS
453,GAAGCTACGGAT_2,HELA-MS
454,GTAAGAACGGAT_2,HELA-MS
455,GTCATCACGGAT_2,HELA-MS
456,AGCGGCACGGAT_2,HELA-MS
457,CCTAGCCCAGTC_2,K562-MS
458,TGGCCTCCAGTC_2,K562-MS
459,CATTTTCCAGTC_2,K562-MS
460,CCAACACCAGTC_2,K562-MS
461,CTATACCCAGTC_2,K562-MS
462,CTCAGACCAGTC_2,K562-MS
463,GTTAAGCCAGTC_2,K562-MS
464,TCGGCACCAGTC_2,K562-MS
465,CGATAGCAACAT_2,K562-MS
466,ACTGCACAACAT_2,K562-MS
467,CCGCCTCAACAT_2,K562-MS
468,TGGCCTCAACAT_2,K562-MS
469,GCGGTTCAACAT_2,K562-MS
470,AGTTCCCAACAT_2,K562-MS
471,CATGGCCAACAT_2,K562-MS
472,TAATCGCAACAT_2,K562-MS
473,TCATTCCAACAT_2,K562-MS
474,CGATAGGTATGC_2,K562-MS
475,AGAAGAGTATGC_2,K562-MS
476,TAGTCAGTATGC_2,K562-MS
477,CCGCCTGTATGC_2,K562-MS
478,GCGGTTGTATGC_2,K562-MS
479,AGTCAAGTATGC_2,K562-MS
480,CAGGCGGTATGC_2,K562-MS
481,CGGAATGTATGC_2,K562-MS
482,CTATACGTATGC_2,K562-MS
483,GACGACGTATGC_2,K562-MS
484,TACAGCGTATGC_2,K562-MS
485,CAGCATGTCGTG_2,K562-MS
486,TTCTGAGTCGTG_2,K562-MS
487,ATGTCAGTCGTG_2,K562-MS
488,TCGAAGGTCGTG_2,K562-MS
489,TCGCGGGTCGTG_2,K562-MS
490,GAGCCTATTCAT_2,K562-MS
491,ACTGCAATTCAT_2,K562-MS
492,CAGCATATTCAT_2,K562-MS
493,TTCTGAATTCAT_2,K562-MS
494,CCTAGCATTCAT_2,K562-MS
495,TCCCGAATTCAT_2,K562-MS
505,CGATAGAATCTG_2,K562-MS
506,CCTAGCAATCTG_2,K562-MS
507,TGGCCTAATCTG_2,K562-MS
508,ATGTCAAATCTG_2,K562-MS
509,TGGTCCAATCTG_2,K562-MS
510,CAGGCGAATCTG_2,K562-MS
511,CTATACAATCTG_2,K562-MS
512,CGATAGACCTTA_2,K562-MS
513,TGGCCTACCTTA_2,K562-MS
514,CCGTCCACCTTA_2,K562-MS
515,CATTTTACCTTA_2,K562-MS
516,CGGAATACCTTA_2,K562-MS
517,CTAGCTACCTTA_2,K562-MS
518,TAATCGACCTTA_2,K562-MS
519,TATAATACCTTA_2,K562-MS
520,TCCCGAACCTTA_2,K562-MS
521,AGAAGAGGCTCA_2,K562-MS
522,TAGTCAGGCTCA_2,K562-MS
523,CCGCCTGGCTCA_2,K562-MS
524,CCTAGCGGCTCA_2,K562-MS
525,TGGCCTGGCTCA_2,K562-MS
526,GCGGTTGGCTCA_2,K562-MS
527,AGTTCCGGCTCA_2,K562-MS
528,CCGTCCGGCTCA_2,K562-MS
529,TGGTCCGGCTCA_2,K562-MS
530,CGGAATGGCTCA_2,K562-MS
531,TCGGCAGGCTCA_2,K562-MS
532,CAGCATTACATC_2,K562-MS
533,CCTAGCTACATC_2,K562-MS
534,ATGTCATACATC_2,K562-MS
535,CTCAGATACATC_2,K562-MS
536,GACGACTACATC_2,K562-MS
537,TAATCGTACATC_2,K562-MS
538,TATAATTACATC_2,K562-MS
539,TCATTCTACATC_2,K562-MS
540,TCCCGATACATC_2,K562-MS
541,TCGCGGTACATC_2,K562-MS
542,CAGCATATGCCA_2,K562-MS
543,CGCAACATGCCA_2,K562-MS
544,TATAATATGCCA_2,K562-MS
545,TCATTCATGCCA_2,K562-MS
546,TCGCGGATGCCA_2,K562-MS
547,AACCAAAGGTGC_2,K562-MS
548,CGATAGAGGTGC_2,K562-MS
549,GAGCCTAGGTGC_2,K562-MS
550,TGGTCCAGGTGC_2,K562-MS
551,CATTTTAGGTGC_2,K562-MS
552,CTATACAGGTGC_2,K562-MS
553,CTCAGAAGGTGC_2,K562-MS
554,CGATAGCAGATT_2,K562-MS
555,AGAAGACAGATT_2,K562-MS
556,GAGCCTCAGATT_2,K562-MS
557,TTCTGACAGATT_2,K562-MS
558,AGTCAACAGATT_2,K562-MS
559,CAGGCGCAGATT_2,K562-MS
560,CTCAGACAGATT_2,K562-MS
561,TCGCGGCAGATT_2,K562-MS
562,AACCAACATGGC_2,K562-MS
563,CGATAGCATGGC_2,K562-MS
564,GAGCCTCATGGC_2,K562-MS
565,AGTCAACATGGC_2,K562-MS
566,AGTTCCCATGGC_2,K562-MS
567,TGGTCCCATGGC_2,K562-MS
568,CGGAATCATGGC_2,K562-MS
569,CTATACCATGGC_2,K562-MS
570,GTTAAGCATGGC_2,K562-MS
571,TACAGCCATGGC_2,K562-MS
572,TATAATCATGGC_2,K562-MS
573,CGATAGAGTCTT_2,K562-MS
574,CAGCATAGTCTT_2,K562-MS
575,CATGGCAGTCTT_2,K562-MS
576,CCAACAAGTCTT_2,K562-MS
577,CGGAATAGTCTT_2,K562-MS
578,CTATACAGTCTT_2,K562-MS
579,TCGAAGAGTCTT_2,K562-MS
580,TCGGCAAGTCTT_2,K562-MS
581,TCGCGGAGTCTT_2,K562-MS
582,CAGCATTTAGCC_2,K562-MS
583,CGCAACTTAGCC_2,K562-MS
584,GCGGTTTTAGCC_2,K562-MS
585,CATGGCTTAGCC_2,K562-MS
586,TCCCGATTAGCC_2,K562-MS
587,CGATAGTCAGCT_2,K562-MS
588,TGGCCTTCAGCT_2,K562-MS
589,CATTTTTCAGCT_2,K562-MS
590,CTATACTCAGCT_2,K562-MS
591,TCATTCTCAGCT_2,K562-MS
592,TCGGCATCAGCT_2,K562-MS
593,TCGCGGTCAGCT_2,K562-MS
594,TAGTCATCGCTA_2,K562-MS
595,CCTAGCTCGCTA_2,K562-MS
596,GCGGTTTCGCTA_2,K562-MS
597,TGGTCCTCGCTA_2,K562-MS
598,CTATACTCGCTA_2,K562-MS
599,CTCAGATCGCTA_2,K562-MS
600,GTTAAGTCGCTA_2,K562-MS
601,TAATCGTCGCTA_2,K562-MS
602,TACAGCTCGCTA_2,K562-MS
603,TCATTCTCGCTA_2,K562-MS
604,GTAGAGCCAGTC_2,K562-MS
605,GTGAAACCAGTC_2,K562-MS
606,ACTGATCCAGTC_2,K562-MS
607,CAAAAGCCAGTC_2,K562-MS
608,CACCGGCCAGTC_2,K562-MS
609,GGAGTTCCAGTC_2,K562-MS
610,ACCAGACCAGTC_2,K562-MS
611,GTAAGACCAGTC_2,K562-MS
612,TTACTTCCAGTC_2,K562-MS
613,GTAGAGCAACAT_2,K562-MS
614,GTGGCCCAACAT_2,K562-MS
615,CAACTACAACAT_2,K562-MS
616,GGAGTTCAACAT_2,K562-MS
617,GAAGCTCAACAT_2,K562-MS
618,GCAGTCCAACAT_2,K562-MS
619,GGATATCAACAT_2,K562-MS
620,GTCATCCAACAT_2,K562-MS
621,GTTTCGGTATGC_2,K562-MS
622,GAGTGGGTATGC_2,K562-MS
623,ATGAGCGTATGC_2,K562-MS
624,GAAGCTGTATGC_2,K562-MS
625,GAGTAAGTATGC_2,K562-MS
626,TTACTTGTATGC_2,K562-MS
627,GTTTCGGTCGTG_2,K562-MS
628,CGTACGGTCGTG_2,K562-MS
629,GAGTGGGTCGTG_2,K562-MS
630,CAACTAGTCGTG_2,K562-MS
631,CACGATGTCGTG_2,K562-MS
632,CCTTCAGTCGTG_2,K562-MS
633,ACTAAGGTCGTG_2,K562-MS
634,GCTCAAGTCGTG_2,K562-MS
635,GTCATCGTCGTG_2,K562-MS
636,GTCCGCATTCAT_2,K562-MS
637,GTGGCCATTCAT_2,K562-MS
638,CAACTAATTCAT_2,K562-MS
639,GCTCAAATTCAT_2,K562-MS
646,CACTCAAATCTG_2,K562-MS
647,AACGGTAATCTG_2,K562-MS
648,CCTTCAAATCTG_2,K562-MS
649,GCAGTCAATCTG_2,K562-MS
650,GTAAGAAATCTG_2,K562-MS
651,GTAGAGACCTTA_2,K562-MS
652,CAACTAACCTTA_2,K562-MS
653,AACGGTACCTTA_2,K562-MS
654,GGAGTTACCTTA_2,K562-MS
655,CCTTCAACCTTA_2,K562-MS
656,GCTCAAACCTTA_2,K562-MS
657,GGATATACCTTA_2,K562-MS
658,TAACGTACCTTA_2,K562-MS
659,GGTAGCGGCTCA_2,K562-MS
660,ATGAGCGGCTCA_2,K562-MS
661,CACTCAGGCTCA_2,K562-MS
662,GGAGTTGGCTCA_2,K562-MS
663,CCTTCAGGCTCA_2,K562-MS
664,ACCAGAGGCTCA_2,K562-MS
665,GCAGTCGGCTCA_2,K562-MS
666,GGATATGGCTCA_2,K562-MS
667,GTGAAATACATC_2,K562-MS
668,GAGTGGTACATC_2,K562-MS
669,GGTAGCTACATC_2,K562-MS
670,AACCTCTACATC_2,K562-MS
671,ACTGATTACATC_2,K562-MS
672,ATGAGCTACATC_2,K562-MS
673,GGAGTTTACATC_2,K562-MS
674,CCTTCATACATC_2,K562-MS
675,CGAATATACATC_2,K562-MS
676,GAGTAATACATC_2,K562-MS
677,GTAAGATACATC_2,K562-MS
678,GTGGCCATGCCA_2,K562-MS
679,GAGTGGATGCCA_2,K562-MS
680,CAACTAATGCCA_2,K562-MS
681,AACGGTATGCCA_2,K562-MS
682,ACTAAGATGCCA_2,K562-MS
683,GAAGCTATGCCA_2,K562-MS
684,GTGGCCAGGTGC_2,K562-MS
685,CAACTAAGGTGC_2,K562-MS
686,ACCAGAAGGTGC_2,K562-MS
687,GTAGAGCAGATT_2,K562-MS
688,GTGGCCCAGATT_2,K562-MS
689,GAGTGGCAGATT_2,K562-MS
690,ATTCCTCAGATT_2,K562-MS
691,GAGTAACAGATT_2,K562-MS
692,GCTCAACAGATT_2,K562-MS
693,GGATATCAGATT_2,K562-MS
694,TTACTTCAGATT_2,K562-MS
695,CGAATACATGGC_2,K562-MS
696,GTCATCCATGGC_2,K562-MS
697,GTCCGCAGTCTT_2,K562-MS
698,ATTCCTAGTCTT_2,K562-MS
699,CAAAAGAGTCTT_2,K562-MS
700,GGAGTTAGTCTT_2,K562-MS
701,CGAATAAGTCTT_2,K562-MS
702,CGGAGAAGTCTT_2,K562-MS
703,ACTAAGAGTCTT_2,K562-MS
704,GACTATAGTCTT_2,K562-MS
705,GGATATAGTCTT_2,K562-MS
706,GTATCTAGTCTT_2,K562-MS
707,TTACTTAGTCTT_2,K562-MS
708,GTAGAGTTAGCC_2,K562-MS
709,GTCCGCTTAGCC_2,K562-MS
710,GTGAAATTAGCC_2,K562-MS
711,CGTACGTTAGCC_2,K562-MS
712,CAAAAGTTAGCC_2,K562-MS
713,GGATATTTAGCC_2,K562-MS
714,GGTAGCTCAGCT_2,K562-MS
715,ATTCCTTCAGCT_2,K562-MS
716,CGGAGATCAGCT_2,K562-MS
717,GACTATTCAGCT_2,K562-MS
718,GCTCAATCAGCT_2,K562-MS
719,GGATATTCAGCT_2,K562-MS
720,TTACTTTCAGCT_2,K562-MS
721,GTAGAGTCGCTA_2,K562-MS
722,GGTAGCTCGCTA_2,K562-MS
723,AACCTCTCGCTA_2,K562-MS
724,ACTGATTCGCTA_2,K562-MS
725,ATGAGCTCGCTA_2,K562-MS
726,CAAAAGTCGCTA_2,K562-MS
727,CAACTATCGCTA_2,K562-MS
728,GAGCCTTCTTGG_2,293T-MS
729,CAGCATTCTTGG_2,293T-MS
730,CGCAACTCTTGG_2,293T-MS
731,CATGGCTCTTGG_2,293T-MS
732,CCAACATCTTGG_2,293T-MS
733,TAATCGTCTTGG_2,293T-MS
734,TACAGCTCTTGG_2,293T-MS
735,TCGCGGTCTTGG_2,293T-MS
736,AACCAACCTGTT_2,293T-MS
737,AGAAGACCTGTT_2,293T-MS
738,CCTAGCCCTGTT_2,293T-MS
739,ATGTCACCTGTT_2,293T-MS
740,GAGCCTGTCTAT_2,293T-MS
741,CTAGCTGTCTAT_2,293T-MS
742,CTATACGTCTAT_2,293T-MS
743,TAATCGGTCTAT_2,293T-MS
744,AGAAGAGAATGA_2,293T-MS
745,ATGTCAGAATGA_2,293T-MS
747,CATTTTGAATGA_2,293T-MS
748,CGATAGATGTGG_2,293T-MS
749,TAGTCAATGTGG_2,293T-MS
750,CCGCCTATGTGG_2,293T-MS
751,CATGGCATGTGG_2,293T-MS
752,TATAATATGTGG_2,293T-MS
753,TCGCGGATGTGG_2,293T-MS
754,CGATAGAGCCAA_2,293T-MS
755,TAGTCAAGCCAA_2,293T-MS
756,CATGGCAGCCAA_2,293T-MS
757,CTATACAGCCAA_2,293T-MS
758,CTCAGAAGCCAA_2,293T-MS
759,TCGCGGAGCCAA_2,293T-MS
760,TCGAAGTACTCG_2,293T-MS
761,TCGGCATACTCG_2,293T-MS
762,CCGCCTCTCCTT_2,293T-MS
763,ATGTCACTCCTT_2,293T-MS
764,TGGTCCCTCCTT_2,293T-MS
765,TAATCGCTCCTT_2,293T-MS
766,TCATTCCTCCTT_2,293T-MS
767,TCGGCACTCCTT_2,293T-MS
768,CGATAGCGTTAG_2,293T-MS
769,CAGCATCGTTAG_2,293T-MS
770,TTCTGACGTTAG_2,293T-MS
771,CGCAACCGTTAG_2,293T-MS
772,CTCAGACGTTAG_2,293T-MS
773,TCATTCCGTTAG_2,293T-MS
774,ACTGCATAAGGT_2,293T-MS
775,AGTCAATAAGGT_2,293T-MS
776,CCGTCCTAAGGT_2,293T-MS
777,CTAGCTTAAGGT_2,293T-MS
778,AGTCAAACCGAG_2,293T-MS
779,CATGGCACCGAG_2,293T-MS
780,CATTTTACCGAG_2,293T-MS
781,CCAACAACCGAG_2,293T-MS
782,GTTAAGACCGAG_2,293T-MS
783,GAGCCTAGGATG_2,293T-MS
784,TAGTCAAGGATG_2,293T-MS
785,AGTCAAAGGATG_2,293T-MS
786,TCCCGAAGGATG_2,293T-MS
787,CGATAGGTTCTC_2,293T-MS
788,TAGTCAGTTCTC_2,293T-MS
789,GCGGTTGTTCTC_2,293T-MS
790,CAGGCGGTTCTC_2,293T-MS
791,CTCAGAGTTCTC_2,293T-MS
792,GCGGTTTTGTCG_2,293T-MS
793,CCGTCCTTGTCG_2,293T-MS
794,TCGAAGTTGTCG_2,293T-MS
795,ACTGCATCGCAC_2,293T-MS
796,CCGCCTTCGCAC_2,293T-MS
797,TTCTGATCGCAC_2,293T-MS
798,ATGTCATCGCAC_2,293T-MS
799,CCAACATCGCAC_2,293T-MS
800,CTAGCTTCGCAC_2,293T-MS
801,TAATCGTCGCAC_2,293T-MS
802,TCGGCATCGCAC_2,293T-MS
803,CGATAGGATTAG_2,293T-MS
804,CCGCCTGATTAG_2,293T-MS
805,CCTAGCGATTAG_2,293T-MS
806,CGCAACGATTAG_2,293T-MS
807,CAGGCGGATTAG_2,293T-MS
808,GACGACGATTAG_2,293T-MS
809,TAATCGGATTAG_2,293T-MS
810,TCGGCAGATTAG_2,293T-MS
811,AGAAGATGCGTA_2,293T-MS
812,ACTGCATGCGTA_2,293T-MS
813,CGCAACTGCGTA_2,293T-MS
814,TGGTCCTGCGTA_2,293T-MS
815,CTCAGATGCGTA_2,293T-MS
816,AACCAAATAGAG_2,293T-MS
817,AGAAGAATAGAG_2,293T-MS
818,TTCTGAATAGAG_2,293T-MS
819,ATGTCAATAGAG_2,293T-MS
820,CCGTCCATAGAG_2,293T-MS
821,CTCAGAATAGAG_2,293T-MS
822,TCGGCAATAGAG_2,293T-MS
823,TCGCGGATAGAG_2,293T-MS
824,CACTCATCTTGG_2,293T-MS
825,GACTATTCTTGG_2,293T-MS
826,GCTCAATCTTGG_2,293T-MS
827,TAACGTTCTTGG_2,293T-MS
828,GGTAGCCCTGTT_2,293T-MS
829,CACTCACCTGTT_2,293T-MS
830,GTCCGCGTCTAT_2,293T-MS
831,GTTTCGGTCTAT_2,293T-MS
832,CGTACGGAATGA_2,293T-MS
833,CAAAAGGAATGA_2,293T-MS
834,GTAGAGATGTGG_2,293T-MS
835,GTGGCCATGTGG_2,293T-MS
836,CGTACGATGTGG_2,293T-MS
837,GTAAGAATGTGG_2,293T-MS
838,ATGAGCAGCCAA_2,293T-MS
839,CGGAGAAGCCAA_2,293T-MS
840,GTGAAATACTCG_2,293T-MS
841,GTTTCGTACTCG_2,293T-MS
842,CGTACGTACTCG_2,293T-MS
843,ACTGATTACTCG_2,293T-MS
844,ATGAGCTACTCG_2,293T-MS
845,AACGGTTACTCG_2,293T-MS
846,GGAGTTTACTCG_2,293T-MS
847,CACGATCTCCTT_2,293T-MS
848,CACTCACTCCTT_2,293T-MS
849,AACGGTCTCCTT_2,293T-MS
850,ACTAAGCTCCTT_2,293T-MS
851,GGATATCTCCTT_2,293T-MS
852,GTGAAACGTTAG_2,293T-MS
853,CGTACGCGTTAG_2,293T-MS
854,CAACTACGTTAG_2,293T-MS
855,AACGGTCGTTAG_2,293T-MS
856,CGGAGACGTTAG_2,293T-MS
857,ACTAAGCGTTAG_2,293T-MS
858,TTACTTCGTTAG_2,293T-MS
859,GAGTGGTAAGGT_2,293T-MS
860,AACCTCTAAGGT_2,293T-MS
861,CACTCATAAGGT_2,293T-MS
862,GGAGTTTAAGGT_2,293T-MS
863,CGGAGATAAGGT_2,293T-MS
864,ACTAAGTAAGGT_2,293T-MS
865,GAAGCTTAAGGT_2,293T-MS
866,GACTATTAAGGT_2,293T-MS
867,ACCAGATAAGGT_2,293T-MS
868,GCAGTCTAAGGT_2,293T-MS
869,GTGAAAACCGAG_2,293T-MS
870,GTGGCCACCGAG_2,293T-MS
871,CGTACGACCGAG_2,293T-MS
872,CAAAAGACCGAG_2,293T-MS
873,CACCGGACCGAG_2,293T-MS
874,GGAGTTACCGAG_2,293T-MS
875,GTCATCACCGAG_2,293T-MS
876,ATGAGCAGGATG_2,293T-MS
877,CACTCAAGGATG_2,293T-MS
878,CGGAGAAGGATG_2,293T-MS
879,GACTATGTTCTC_2,293T-MS
880,GTATCTGTTCTC_2,293T-MS
881,CACGATTTGTCG_2,293T-MS
882,GAGTAATTGTCG_2,293T-MS
883,GCTCAATTGTCG_2,293T-MS
884,AGCGGCTTGTCG_2,293T-MS
885,AACCTCTCGCAC_2,293T-MS
886,ATTCCTTCGCAC_2,293T-MS
887,CACTCATCGCAC_2,293T-MS
888,GAGTAATCGCAC_2,293T-MS
889,TAACGTTCGCAC_2,293T-MS
890,GTCCGCGATTAG_2,293T-MS
891,CGTACGGATTAG_2,293T-MS
892,CAACTAGATTAG_2,293T-MS
893,AACGGTGATTAG_2,293T-MS
894,GGATATGATTAG_2,293T-MS
895,GTCATCGATTAG_2,293T-MS
896,CAAAAGTGCGTA_2,293T-MS
897,CGGAGATGCGTA_2,293T-MS
898,GTTTCGATAGAG_2,293T-MS
899,GAGTGGATAGAG_2,293T-MS
900,ATGAGCATAGAG_2,293T-MS
901,ATTCCTATAGAG_2,293T-MS
902,CACTCAATAGAG_2,293T-MS
903,CCTTCAATAGAG_2,293T-MS
904,ACCAGAATAGAG_2,293T-MS
905,GTAAGAATAGAG_2,293T-MS
906,GTATCTATAGAG_2,293T-MS
907,GTCATCATAGAG_2,293T-MS
908,TAACGTATAGAG_2,293T-MS
909,AGCGGCATAGAG_2,293T-MS
